"series_name","1995-01-01","1995-04-01","1995-07-01","1995-10-01","1996-01-01","1996-04-01","1996-07-01","1996-10-01","1997-01-01","1997-04-01","1997-07-01","1997-10-01","1998-01-01","1998-04-01","1998-07-01","1998-10-01","1999-01-01","1999-04-01","1999-07-01","1999-10-01","2000-01-01","2000-04-01","2000-07-01","2000-10-01","2001-01-01","2001-04-01","2001-07-01","2001-10-01","2002-01-01","2002-04-01","2002-07-01","2002-10-01","2003-01-01","2003-04-01","2003-07-01","2003-10-01","2004-01-01","2004-04-01","2004-07-01","2004-10-01","2005-01-01","2005-04-01","2005-07-01","2005-10-01","2006-01-01","2006-04-01","2006-07-01","2006-10-01","2007-01-01","2007-04-01","2007-07-01","2007-10-01","2008-01-01","2008-04-01","2008-07-01","2008-10-01","2009-01-01","2009-04-01","2009-07-01","2009-10-01","2010-01-01","2010-04-01","2010-07-01","2010-10-01","2011-01-01","2011-04-01","2011-07-01","2011-10-01","2012-01-01","2012-04-01","2012-07-01","2012-10-01","2013-01-01","2013-04-01","2013-07-01","2013-10-01","2014-01-01","2014-04-01","2014-07-01","2014-10-01","2015-01-01","2015-04-01","2015-07-01","2015-10-01","2016-01-01","2016-04-01","2016-07-01","2016-10-01","2017-01-01","2017-04-01","2017-07-01","2017-10-01","2018-01-01","2018-04-01","2018-07-01","2018-10-01","2019-01-01","2019-04-01","2019-07-01","2019-10-01","2020-01-01","2020-04-01","2020-07-01","2020-10-01","2021-01-01","2021-04-01","2021-07-01","2021-10-01","2022-01-01","2022-04-01","2022-07-01","2022-10-01","2023-01-01","2023-04-01","2023-07-01","2023-10-01","2024-01-01","2024-04-01"
"ALandbouwBosbouwEnVisserij_150",NA,NA,NA,NA,13,35,76,44,139,310,250,153,-5,-254,-265,-149,246,199,203,217,36,-50,-89,-133,-3,201,-83,-14,-87,-81,87,39,-42,138,-114,0,-68,-273,-34,-86,-52,102,29,21,21,-30,61,71,184,159,223,163,103,107,67,-27,29,-164,-164,-139,-125,-29,105,148,398,301,363,301,-206,-76,-146,-40,-161,-179,-121,-61,-8,39,101,116,2,-46,-156,-284,-137,-103,-100,-73,42,2,91,63,81,126,48,76,8,21,82,25,99,-90,7,25,-263,-97,-168,-173,36,94,26,23,61,80,-12,-37,-25.4616216470099,NA
"ALandbouwBosbouwEnVisserij_20",NA,NA,NA,NA,-192,-130,-21,-103,226,68,218,138,-31,-165,-361,104,49,-19,371,198,22,-87,136,29,-249,-113,-89,-62,60,24,29,-24,97,177,-162,148,162,73,167,138,32,-92,15,71,-33,44,40,-17,160,46,-12,76,105,-80,123,114,-143,107,177,200,182,3,-52,-76,-130,-4,-62,71,107,-57,12,-110,-16,-30,21,100,164,129,113,116,2,-7,148,88,122,165,40,-62,-22,8,-11,80,-7,26,-54,-122,-96,61,127,119,76,-5,26,5,46,110,55,-46,-114,-122,-54,-78,-12,-73,-147,-52,-13,-10.4069898487501
"BDelfstoffenwinning_22",NA,NA,NA,NA,1830,484,427,-104,-1615,-309,-173,-236,-710,-409,-19,435,260,-51,-340,-925,-410,-167,-136,-506,-75,128,196,280,-369,-31,320,274,555,-476,-361,102,-70,540,838,219,-1049,-209,-840,-1145,780,-140,-362,-684,-1614,-473,626,1092,602,658,576,-295,-63,-688,-620,-85,492,1095,469,302,-395,-372,19,-644,-249,111,-165,63,145,623,515,46,-785,-733,-662,-247,-276,-283,-232,-1465,-470,-131,-328,-118,-355,-656,-412,-418,-449,-339,-346,-385,-121,-278,-305,-403,-522,-355,-632,-346,-522,-348,-124,-457,-155,-170,-93,-20,-206,-281,-240,-254,-248,-190.950928231459
"BedrijvenEnHuishoudens_12",NA,NA,NA,NA,124,1014,1852,1853,2852,1837,1004,319,1935,523,1974,1890,1909,2053,1782,2952,791,1735,316,-792,80,275,-238,115,-809,-1603,-1482,-3078,-1689,-1156,-699,1106,486,319,425,293,209,1334,1979,791,862,1069,1591,3080,3426,2003,2069,11535,1246,2547,1429,-10756,-1545,-3473,-4273,-4306,-3432,-1939,-1582,-910,2320,991,1004,2069,-1307,-718,-1811,-2322,-2976,-2132,177,3815,928,-219,-1024,-1784,-5910,32854,3041,3398,11301,-26053,2817,657,1302,829,1882,1547,2378,2102,-515,829,1202,1747,3688,2290,1577,-3476,-1939,-1593,-448,3563,638,1120,-21,1908,921,1337,2567,1203,327,-1313,-2215.9030054159,NA
"BelastingenOpProductieEnInvoer_67",NA,NA,NA,NA,764,821,468,808,320,436,300,702,744,532,766,1097,1292,1415,1215,1539,1068,1024,-1002,570,98,475,619,566,730,20,-476,-84,-541,174,373,89,69,518,70,323,-140,101,894,692,930,867,756,737,813,549,515,586,280,213,-102,-720,-980,-1543,-1182,-1234,-351,102,185,46,237,98,-349,-849,-587,-464,-323,-1188,-972,-937,-387,-378,-7,391,247,357,913,912,847,609,836,690,763,272,669,705,480,327,762,538,506,384,-58,439,300,401,182,-1452,378,131,-299,1879,253,598,410,194,-47,-18,409,105,-160,-263,-65,-181.923650360801
"BetaaldeInkomensoverdrachtenBuitenland_79",NA,NA,NA,NA,NA,NA,NA,NA,NA,NA,NA,NA,NA,NA,NA,NA,NA,NA,NA,NA,813,1326,1020,1164,-625,-718,-521,-709,-417,-79,-771,-346,-7,-72,450,-668,773,47,212,500,327,166,259,998,-230,588,385,813,319,72,20,19,215,33,-618,84,88,-3329,-148,-372,-38,2768,336,-385,-454,136,-150,854,197,222,155,-920,87,33,670,979,480,688,-950,-207,476,-190,146,30,-804,-523,277,-3983,-1285,-188,-747,2501,669,82,75,1268,693,41,585,82,3025,347,211,1348,-2889,203,-3,-2159,-1301,-688,-586,709,-228,36,-166,-892,742.67998369382,NA
"BetaaldePrimaireInkomensBuitenland_75",NA,NA,NA,NA,NA,NA,NA,NA,NA,NA,NA,NA,NA,NA,NA,NA,NA,NA,NA,NA,7064,14629,24180,17556,4510,-7415,-5635,-115,-6426,3146,-8931,-8169,-266,-3546,-441,-3556,5899,2878,4889,13974,5748,13189,8189,8587,6599,7887,4545,1982,10273,18942,16828,13382,2254,-9110,-6359,-9884,-6103,-14468,-12988,-7954,3292,9497,10917,9792,1211,3731,1287,5278,1223,-6570,-2286,-2383,-1468,6453,-2,-4488,8817,4813,9039,8421,-2863,44,-1835,-2118,-244,2387,2449,2786,-2643,919,-3312,-4238,6109,7573,8865,4188,-6783,-7231,-10477,-14,-11667,-17477,-9315,-16333,-1385,272,-5029,10480,13335,11229,8073,13215,1023,13853,15910,-1942,8132.8344226168,NA
"BFNijverheidEnEnergie_151",NA,NA,NA,NA,-146,39,622,625,663,923,-108,-245,-245,-438,663,64,443,-360,125,817,-403,512,-286,-563,322,-352,65,191,206,-70,-434,-868,-1140,-912,162,1233,12,792,-205,-1054,208,-276,545,360,133,190,577,849,744,408,222,130,545,714,393,-134,-60,-650,-808,-491,-518,-177,41,254,945,845,732,1033,-10,-118,-42,-553,-689,-398,-103,309,662,426,449,652,-273,-220,-164,-190,334,420,358,312,-479,-364,543,-299,951,1056,-133,798,99,-27,1354,-131,178,-580,-1461,-278,-154,479,206,280,272,576,257,258,507,211,61,-247,-259.7993217001,NA
"BinnenlandsConsumptieHuishoudens_121",NA,NA,NA,NA,2880,2763,2908,3064,2402,2789,2622,2643,2910,3660,3508,3737,4405,3905,3665,3633,3473,2540,2147,2034,1129,1449,1360,1698,1034,918,683,587,445,21,-246,-546,555,732,1087,746,-217,519,1332,1216,4,434,-35,-650,1297,928,1401,2337,1142,991,184,-500,-1684,-2310,-1548,-1182,-860,304,732,1106,821,797,-107,-760,-234,-686,-1030,-1484,-1566,-1296,-449,925,-331,532,365,879,1583,1714,1815,1351,884,699,1112,1559,1466,2330,2131,1052,2441,2006,1664,1712,349,1163,784,1461,-1002,-10177,-2087,-6291,-6397,7889,3460,6426,9637,6097,2172,3519,2543,148,-706,75,991,1093.79988758219
"BrandstoffenEnOverigeGoederen_112",NA,NA,NA,NA,449,433,374,349,190,317,39,97,51,80,118,227,156,192,276,258,277,89,6,-71,-50,15,107,215,131,122,-59,-115,28,-27,-97,-84,-9,-24,111,122,-73,93,-89,83,-280,-123,-67,-300,94,-15,-65,10,-129,-26,-89,52,133,-89,129,87,-253,-133,-146,38,145,-19,25,100,-49,-196,-73,-223,-316,-86,-126,-101,15,24,-89,-1,112,184,-7,83,132,5,90,104,37,185,135,74,101,-5,-37,77,6,-46,3,14,-157,-636,27,-365,-516,437,58,195,377,204,-1,238,200,96,-225,-183,-150.14626744013,NA
"BrutoBeschikbaarNationaalInkomen_80",NA,NA,NA,NA,NA,NA,NA,NA,NA,NA,NA,NA,NA,NA,NA,NA,NA,NA,NA,NA,3902,6469,6453,2639,6084,2775,-640,121,1282,-1722,1943,1758,-209,3087,2069,5413,4089,1644,890,1670,1180,1828,1604,6220,10746,5476,5634,5638,4057,4244,8071,4939,-3871,1562,960,-9010,-6736,2677,-7588,1931,3779,3793,6600,3464,11968,-4700,2233,-2939,-7739,3345,-5904,-794,1126,-4374,3242,1942,-939,3489,1704,3637,6119,4909,3678,4782,1141,789,3328,7180,8840,5079,9219,4662,5813,6924,4060,3844,2125,-149,4228,-820,-5628,-14650,-10312,-9036,10662,31822,20986,18474,7025,-6740,-1245,-2973,1786,8941,6035,6547,1416.90595305699,NA
"BrutoBinnenlandsProduct_2",NA,NA,NA,NA,2822,4616,4490,4478,4572,5171,5163,6123,7205,5810,5105,5547,5717,6150,6425,8410,7241,6766,4953,4444,4005,4271,3107,2136,125,481,888,-207,978,-472,-324,756,1983,3009,3297,3540,1318,3421,3873,3838,5637,5619,4924,5309,5429,5227,6561,7008,5624,5558,3902,-608,-6455,-8008,-6378,-4132,-225,3185,2708,3129,4498,3491,2252,61,-1900,-953,-2007,-2102,-2872,-920,492,2452,2089,2438,1876,3099,3122,3579,4070,2482,3582,4069,3607,3865,5464,5421,4914,4727,4612,5030,3936,3554,3323,3671,3784,3748,-576,-17102,-6049,-5691,-1996,20831,12349,13888,11670,10166,5769,5836,3556,-301,-1568,-779,-1462,-908.865015385003
"BrutoBinnenlandsProduct_63",NA,NA,NA,NA,2822,4616,4490,4478,4572,5171,5163,6123,7205,5810,5105,5547,5717,6150,6425,8410,7241,6766,4953,4444,4005,4271,3107,2136,125,481,888,-207,978,-472,-324,756,1983,3009,3297,3540,1318,3421,3873,3838,5637,5619,4924,5309,5429,5227,6561,7008,5624,5558,3902,-608,-6455,-8008,-6378,-4132,-225,3185,2708,3129,4498,3491,2252,61,-1900,-953,-2007,-2102,-2872,-920,492,2452,2089,2438,1876,3099,3122,3579,4070,2482,3582,4069,3607,3865,5464,5421,4914,4727,4612,5030,3936,3554,3323,3671,3784,3748,-576,-17102,-6049,-5691,-1996,20831,12349,13888,11670,10166,5769,5836,3556,-301,-1568,-779,-1462,-908.865015385003
"BrutoBinnenlandsProduct_71",NA,NA,NA,NA,2822,4616,4490,4478,4572,5171,5163,6123,7205,5810,5105,5547,5717,6150,6425,8410,7241,6766,4953,4444,4005,4271,3107,2136,125,481,888,-207,978,-472,-324,756,1983,3009,3297,3540,1318,3421,3873,3838,5637,5619,4924,5309,5429,5227,6561,7008,5624,5558,3902,-608,-6455,-8008,-6378,-4132,-225,3185,2708,3129,4498,3491,2252,61,-1900,-953,-2007,-2102,-2872,-920,492,2452,2089,2438,1876,3099,3122,3579,4070,2482,3582,4069,3607,3865,5464,5421,4914,4727,4612,5030,3936,3554,3323,3671,3784,3748,-576,-17102,-6049,-5691,-1996,20831,12349,13888,11670,10166,5769,5836,3556,-301,-1568,-779,-1462,-908.865015385003
"BrutoBinnenlandsProduct_72",NA,NA,NA,NA,2822,4616,4490,4478,4572,5171,5163,6123,7205,5810,5105,5547,5717,6150,6425,8410,7241,6766,4953,4444,4005,4271,3107,2136,125,481,888,-207,978,-472,-324,756,1983,3009,3297,3540,1318,3421,3873,3838,5637,5619,4924,5309,5429,5227,6561,7008,5624,5558,3902,-608,-6455,-8008,-6378,-4132,-225,3185,2708,3129,4498,3491,2252,61,-1900,-953,-2007,-2102,-2872,-920,492,2452,2089,2438,1876,3099,3122,3579,4070,2482,3582,4069,3607,3865,5464,5421,4914,4727,4612,5030,3936,3554,3323,3671,3784,3748,-576,-17102,-6049,-5691,-1996,20831,12349,13888,11670,10166,5769,5836,3556,-301,-1568,-779,-1462,-908.865015385003
"BrutoInvesteringen_84",NA,NA,NA,NA,412,3224,2331,1338,2091,1837,1692,1545,4316,718,1293,424,-539,1252,2831,3880,1455,2622,-1007,-1334,1913,1084,1858,-119,-2018,-2206,-2301,-2124,-981,-1142,-848,625,607,-132,229,394,-68,1406,1513,1293,1782,1486,1753,3079,2867,2652,3331,10930,1961,2731,1523,-9778,-1760,-4834,-5808,-5194,-2652,2426,-431,-1372,2324,-1216,925,550,-2270,-662,-2017,-2889,-4248,-1275,466,4426,2425,-890,-1234,-1940,-6743,33351,4019,4504,10308,-25559,3551,1248,1764,958,1331,1945,3025,2276,24,502,3433,2289,4176,2109,-744,-4036,-3777,-2085,924,2657,2096,1718,363,1582,34,-327,27,-39,-1995,577,-2311,-421.576409070098
"BrutoNationaalInkomen_76",NA,NA,NA,NA,NA,NA,NA,NA,NA,NA,NA,NA,NA,NA,NA,NA,NA,NA,NA,NA,4333,7339,7051,3371,5805,2482,-753,-199,1109,-1524,1416,1634,-259,2970,2489,4805,4702,1523,945,1991,1373,1898,1722,7058,10712,5445,5737,6399,4184,3864,7685,4551,-4170,1221,240,-9139,-6627,-164,-7614,1289,3414,6510,6973,3176,11541,-4753,1882,-2257,-7617,3471,-5967,-1703,1129,-4245,3999,2894,-687,3922,647,3057,6295,4518,3554,5051,1194,-240,4056,3371,7623,5242,8588,6641,6196,6779,3687,5216,2490,-154,4396,-1146,-3193,-13638,-9539,-7598,7717,31744,20451,15588,6510,-7903,-1357,-2198,1552,9220,5971,5556,1279.45743380699,NA
"BrutoNationaleBesparingen_83",NA,NA,NA,NA,NA,NA,NA,NA,NA,NA,NA,NA,NA,NA,NA,NA,NA,NA,NA,NA,-247,2711,3214,-522,3114,-358,-2888,-2759,-723,-4181,-324,-153,-1422,2174,1499,4624,3887,1167,260,985,1378,1074,-348,4085,7499,2157,3203,2789,1633,2313,5099,1519,-5728,-898,-996,-9812,-6692,2675,-8108,1436,3980,3239,5637,2361,10741,-5171,2500,-1513,-6617,4554,-4290,1126,2485,-3193,3943,1255,-898,2737,1076,2804,4565,3529,1868,3655,-29,-257,1922,5029,7077,2720,6598,3287,2672,4186,2051,1792,663,-2171,2134,-3177,-5336,-3990,-7605,-4975,15275,20221,14183,10648,-3932,-12733,-4428,-7346,-1580,6777,4555,4684,-572.683195450401,NA
"CifFobCorrectie_171",NA,NA,NA,NA,-25,4,2,-33,-16,-40,-40,-46,-24,-26,-29,-31,-36,-15,-13,-8,24,-22,-8,-55,-88,-41,-23,40,43,19,8,-4,-28,10,-2,-22,-7,-35,-61,-42,-25,-42,-33,-20,-100,-92,-64,-87,-13,-9,-9,-6,-22,-19,-34,24,45,52,14,-31,-18,-72,-36,-42,-55,4,-5,33,-16,-27,-22,-32,49,35,66,57,60,53,39,45,-33,-27,-37,-52,10,8,-8,35,2,42,40,-11,-19,-2,-12,-20,37,29,30,44,40,96,57,60,-30,-115,-123,-181,-14,-17,-25,-33,-21,0,27,-31,15,-24.663684311608
"CifFobCorrectie_178",NA,NA,NA,NA,-25,4,2,-33,-16,-40,-40,-46,-24,-26,-29,-31,-36,-15,-13,-8,24,-22,-8,-55,-88,-41,-23,40,43,19,8,-4,-28,10,-2,-22,-7,-35,-61,-42,-25,-42,-33,-20,-100,-92,-64,-87,-13,-9,-9,-6,-22,-19,-34,24,45,52,14,-31,-18,-72,-36,-42,-55,4,-5,33,-16,-27,-22,-32,49,35,66,57,60,53,39,45,-33,-27,-37,-52,10,8,-8,35,2,42,40,-11,-19,-2,-12,-20,37,29,30,44,40,96,57,60,-30,-115,-123,-181,-14,-17,-25,-33,-21,0,27,-31,15,-24.663684311608
"CifFobCorrectie_195",NA,NA,NA,NA,-25,4,2,-33,-16,-40,-40,-46,-24,-26,-29,-31,-36,-15,-13,-8,24,-22,-8,-55,-88,-41,-23,40,43,19,8,-4,-28,10,-2,-22,-7,-35,-61,-42,-25,-42,-33,-20,-100,-92,-64,-87,-13,-9,-9,-6,-22,-19,-34,24,45,52,14,-31,-18,-72,-36,-42,-55,4,-5,33,-16,-27,-22,-32,49,35,66,57,60,53,39,45,-33,-27,-37,-52,10,8,-8,35,2,42,40,-11,-19,-2,-12,-20,37,29,30,44,40,96,57,60,-30,-115,-123,-181,-14,-17,-25,-33,-21,0,27,-31,15,-24.663684311608
"CifFobCorrectieEnHerclassificatie_198",NA,NA,NA,NA,-15,50,-37,-131,-17,-101,-115,-132,-70,-70,-69,-74,-85,-48,-44,-6,64,-58,4,-170,-269,-114,-55,164,130,60,45,-31,-87,38,-16,-68,8,-97,-189,-129,-68,-123,-117,-119,-303,-263,-166,-200,-6,-20,-6,-1,-72,-51,-112,102,110,152,29,-125,-10,-191,-95,-119,-177,17,3,128,-70,-95,-41,-98,180,124,191,166,156,144,88,131,-86,-72,-59,-121,65,41,11,103,-73,72,68,-58,-40,-31,-74,-70,98,89,124,139,151,291,151,170,-64,-291,-338,-517,-25,-33,-61,-83,-52,0,71,4,31,-64.28539992075
"CifFobHerclassificatie_201",NA,NA,NA,NA,-10,-46,39,98,1,61,75,85,46,44,40,43,50,34,31,-1,-41,35,-13,115,181,73,33,-124,-87,-41,-37,27,59,-28,14,46,-15,62,128,87,43,81,84,98,202,171,102,114,-6,11,-3,-5,50,32,77,-77,-65,-99,-14,93,-8,118,59,76,121,-13,-8,-94,54,69,19,66,-130,-89,-125,-109,-96,-92,-49,-86,53,45,22,69,-55,-33,-19,-68,75,-29,-27,47,21,28,62,50,-60,-60,-95,-95,-112,-195,-94,-110,35,175,215,336,10,18,35,50,31,0,-43,-35,-16,37.574757114523
"CollectieveConsumptieOverheid_126",NA,NA,NA,NA,-208,-173,-162,-112,280,252,324,378,471,369,331,307,206,163,235,440,210,309,245,231,620,445,522,693,322,420,491,476,270,766,120,152,-314,-661,-242,-305,-138,34,-246,397,283,231,-63,154,563,557,1091,80,410,304,400,355,303,507,549,650,24,-13,-264,-457,-243,-387,-784,-553,-176,-262,-218,0,229,291,362,98,273,133,140,-28,-109,-276,-167,-84,264,340,182,362,100,31,105,-72,234,245,191,49,215,169,356,264,581,703,697,765,658,278,375,685,-203,386,506,583,309,557,1160,811,741,645.312007603501
"ComputerprogrammatuurEnDatabanken_144",NA,NA,NA,NA,333,110,218,162,70,171,68,140,457,545,572,764,268,326,262,191,181,156,160,179,62,178,72,-93,-63,-32,-43,-135,-154,-50,-20,165,192,221,312,283,297,297,281,203,187,206,319,495,372,217,208,2197,-4,286,349,-1817,40,107,-185,-288,419,202,164,268,-38,124,99,151,189,205,152,24,100,361,508,1316,81,-66,-241,-777,254,5774,409,431,440,-4870,457,311,236,246,174,116,160,84,166,-23,208,160,251,137,264,-179,-7,127,90,520,261,261,343,313,358,228,352,33,134,49,11,265.92668275395
"Computers_139",NA,NA,NA,NA,48,29,44,48,20,20,20,31,62,55,59,56,98,75,74,86,-7,84,48,45,58,70,65,88,21,31,24,19,88,45,55,128,6,9,9,100,26,42,128,121,49,78,64,69,69,103,128,135,76,107,101,74,39,20,16,94,-6,37,-40,-84,111,44,85,139,21,25,-9,32,-17,7,-16,10,10,-4,28,-76,115,188,230,334,381,439,531,531,-422,-577,-619,-818,48,5,-44,39,45,11,48,97,33,189,108,-19,48,46,-20,7,67,29,-4,-27,-153,-181,-220,-104,-109,-48.86452624764
"ConsumptieIngezetenenInHetBuitenland_122",NA,NA,NA,NA,164,188,-170,-133,26,54,249,169,191,137,485,166,-12,325,118,142,199,124,-49,331,95,276,-74,-150,46,-12,282,24,-191,4,-110,-159,-17,-358,-503,-159,-22,-31,-132,-52,-37,-63,19,204,-33,201,9,-46,309,213,256,195,125,247,166,-97,40,-321,-66,-8,-105,-90,-3,-57,-21,76,98,-50,14,82,-112,155,108,114,39,84,71,155,102,-45,142,-245,12,111,-5,175,338,166,-64,-14,-256,-105,54,-56,194,-40,-417,-3281,-3559,-1928,-1357,411,1760,714,1389,1874,1227,576,195,554,90,175,654,-519.61574380266
"ConsumptieIngezetenenInHetBuitenland_194",NA,NA,NA,NA,164,188,-170,-133,26,54,249,169,191,137,485,166,-12,325,118,142,199,124,-49,331,95,276,-74,-150,46,-12,282,24,-191,4,-110,-159,-17,-358,-503,-159,-22,-31,-132,-52,-37,-63,19,204,-33,201,9,-46,309,213,256,195,125,247,166,-97,40,-321,-66,-8,-105,-90,-3,-57,-21,76,98,-50,14,82,-112,155,108,114,39,84,71,155,102,-45,142,-245,12,111,-5,175,338,166,-64,-14,-256,-105,54,-56,194,-40,-417,-3281,-3559,-1928,-1357,411,1760,714,1389,1874,1227,576,195,554,90,175,654,-519.61574380266
"ConsumptieNietIngezetenenInNederland_123",NA,NA,NA,NA,25,82,208,-18,33,117,336,360,233,332,26,-1,-33,-22,34,276,121,151,35,86,-16,61,-38,-220,6,-46,30,72,-48,-95,-151,-80,-1,-96,-186,120,122,-143,-92,-25,62,53,159,76,55,230,26,47,223,-114,-103,-52,-370,12,-63,52,193,58,186,191,0,165,20,107,151,46,-76,83,171,31,317,203,27,267,200,166,202,181,179,163,319,55,212,208,33,430,225,255,132,25,157,118,117,265,276,345,-387,-2869,-1541,-2813,-1901,151,-226,1416,1183,2322,1058,778,593,415,362,353,732,-11.2031447821
"ConsumptieNietIngezetenenInNederland_170",NA,NA,NA,NA,25,82,208,-18,33,117,336,360,233,332,26,-1,-33,-22,34,276,121,151,35,86,-16,61,-38,-220,6,-46,30,72,-48,-95,-151,-80,-1,-96,-186,120,122,-143,-92,-25,62,53,159,76,55,230,26,47,223,-114,-103,-52,-370,12,-63,52,193,58,186,191,0,165,20,107,151,46,-76,83,171,31,317,203,27,267,200,166,202,181,179,163,319,55,212,208,33,430,225,255,132,25,157,118,117,265,276,345,-387,-2869,-1541,-2813,-1901,151,-226,1416,1183,2322,1058,778,593,415,362,353,732,-11.2031447821
"ConsumptieNietIngezetenenInNederland_176",NA,NA,NA,NA,25,82,208,-18,33,117,336,360,233,332,26,-1,-33,-22,34,276,121,151,35,86,-16,61,-38,-220,6,-46,30,72,-48,-95,-151,-80,-1,-96,-186,120,122,-143,-92,-25,62,53,159,76,55,230,26,47,223,-114,-103,-52,-370,12,-63,52,193,58,186,191,0,165,20,107,151,46,-76,83,171,31,317,203,27,267,200,166,202,181,179,163,319,55,212,208,33,430,225,255,132,25,157,118,117,265,276,345,-387,-2869,-1541,-2813,-1901,151,-226,1416,1183,2322,1058,778,593,415,362,353,732,-11.2031447821
"ConsumptieveBestedingen_81",NA,NA,NA,NA,2581,2479,2341,2915,3294,3593,3425,3447,3955,4741,5138,5085,5104,4884,4358,4436,4387,3687,3105,3289,2684,3207,2508,3195,2172,2664,2330,1967,1399,861,514,592,-105,462,630,663,-303,752,1989,2035,2776,3296,2381,2829,2382,1911,2852,3424,2303,2489,2001,1079,431,-57,846,445,-449,528,799,1052,626,611,-391,-1369,-787,-1335,-1432,-1993,-1515,-1141,-865,624,-23,729,605,783,1518,1436,1816,1118,1177,1053,1414,2162,1797,2399,2733,1393,3130,2786,2022,2046,1476,1988,2126,2326,-380,-10657,-2845,-4106,-4278,12040,7139,8030,10901,5867,3150,4216,3432,1901,1342,1882,2568,2318.572271955
"DEnergievoorziening_35",NA,NA,NA,NA,117,34,49,78,-83,-52,-63,-16,57,74,96,33,-54,-82,-73,-78,16,20,20,2,49,43,26,48,-18,51,53,74,11,39,-1,-18,-141,82,104,9,509,205,270,304,133,63,-2,-52,-106,-109,16,236,102,146,-17,-61,68,-20,-14,-82,-6,107,-4,114,1,2,53,-44,-4,49,-5,31,76,100,7,8,-88,64,71,55,160,137,47,27,-92,-99,50,141,60,34,33,56,43,-30,24,8,42,117,44,80,140,135,271,264,139,213,65,100,138,143,121,176,-3,113,46,140,28,16.8717395694098
"Diensten_17",NA,NA,NA,NA,837,874,1014,1161,1300,1589,1947,2310,1109,1179,536,669,1391,1555,1583,2393,1211,1369,1125,1284,919,1127,901,218,206,219,77,195,165,50,-394,-128,-620,-1,-31,2434,1892,1697,1041,-528,1230,890,960,190,705,1525,1515,2001,2437,1344,1041,497,-645,-531,-1151,-1030,541,732,2170,2077,1909,1273,1509,1205,362,1649,1181,1021,1254,126,1668,2323,2179,3070,3422,2980,9900,3456,2876,3082,-6050,47,-1047,-1757,1746,2854,2952,3832,3101,3116,3991,2062,1084,3120,1636,675,1015,-7393,-5515,-5914,-5905,1339,3942,2335,5819,7407,3528,1992,570,-651,-1336,-902,696,-140.793210087701
"Diensten_5",NA,NA,NA,NA,832,868,470,834,1306,2059,2066,2392,1793,1490,1571,983,1471,2269,1948,2593,1336,1447,1091,1640,1815,1588,1067,70,298,306,705,753,-204,-220,-175,54,-1152,-144,-373,2143,1744,1694,1289,-919,777,-25,198,1457,727,698,1050,12100,1656,1822,1049,-11734,459,39,343,558,817,465,1967,942,1883,757,1308,856,-306,837,553,612,320,7,1569,3953,1801,1604,1161,-849,1973,33731,3141,3386,2047,-29774,-390,-1287,1678,1934,2752,3790,3017,3502,2598,741,-1095,134,-82,-1783,572,-7170,-5586,-4403,-5187,-392,2086,-413,4525,5357,2431,1699,1000,169,-225,-191,207,1237.0577841666
"DrankenEnTabak_102",NA,NA,NA,NA,64,99,-2,90,139,19,111,-33,-69,-38,-187,4,-11,31,100,122,-3,68,-89,-23,99,26,49,161,-3,-76,-23,-88,43,16,13,-51,-68,-199,-223,-159,-118,-7,-8,-14,95,117,71,-36,66,41,0,85,57,33,-3,-97,-140,-170,-60,-64,-69,-25,-46,-20,26,17,-40,6,-2,-95,-12,87,-90,-231,-110,-280,-47,2,-198,-140,-37,-68,-42,14,122,-148,40,-118,-73,7,-36,-10,24,-15,-29,-63,-74,-59,-85,-57,84,105,124,222,54,45,-65,16,-114,-131,21,0,140,88,-2,-5,-32.7181016337399,NA
"ElektrischeApparatuur_107",NA,NA,NA,NA,36,51,59,49,27,53,54,82,75,97,98,94,137,137,122,117,131,116,116,145,69,75,92,79,46,62,97,83,110,85,34,72,112,130,81,24,28,79,177,147,202,241,159,153,225,261,332,269,131,180,85,40,47,-143,-78,-23,30,83,139,64,56,65,6,-8,118,157,40,-71,-104,-68,-111,99,114,133,156,218,69,70,70,39,72,-27,4,11,133,133,216,18,148,150,99,187,193,188,91,92,160,322,223,151,-83,237,173,147,408,-55,-13,48,54,-88,-62,-9,-93.92862738556,NA
"EnergieEnWater_111",NA,NA,NA,NA,840,170,121,227,-657,-117,-118,-278,-282,-65,73,213,109,-42,-53,-251,-148,-33,45,189,89,127,78,79,-29,-3,55,93,275,-9,24,70,-83,62,46,-122,-37,-23,-65,-275,292,4,-69,-309,-671,-402,63,455,47,8,-155,-225,163,-243,-166,-252,99,288,114,403,-387,-249,-25,-681,96,300,-47,153,460,26,-62,-161,-819,-319,-37,-140,336,85,20,-147,56,52,-76,173,-55,-48,65,-159,283,-131,-18,-52,-527,181,16,8,-101,52,54,44,630,414,-116,-39,-620,-581,-40,-488,-251,-70,-94,30,146.14798993749,NA
"EWaterbedrijvenEnAfvalbeheer_36",NA,NA,NA,NA,44,53,33,33,39,32,35,35,-10,-9,-11,-5,63,61,77,76,50,45,53,48,14,8,8,7,38,34,38,46,8,2,18,31,-23,-7,-45,-35,-13,8,4,-9,-32,87,9,43,20,-8,-16,27,4,54,20,10,-11,-41,-12,-10,-7,-2,-15,-16,25,22,20,34,38,11,28,3,12,56,67,99,78,80,58,63,63,67,51,57,15,17,7,18,25,21,29,33,33,53,60,44,1,-9,-31,-16,34,-30,-8,5,-19,25,-33,-25,-48,-50,-29,-84,-66,-70,-26,2,27,35.0893685554599
"FBouwnijverheid_37",NA,NA,NA,NA,-900,185,20,216,639,-162,-170,-158,752,47,126,-19,383,542,347,734,432,304,-32,-59,47,-42,241,178,73,-146,29,-537,-461,-230,-259,-276,10,-269,-218,69,-120,623,375,235,325,22,238,218,676,598,395,316,425,501,295,28,160,-406,-392,-847,-1493,-954,-640,-513,577,-57,-80,-175,-815,-532,-380,-505,-722,-527,-295,57,330,4,-68,494,479,734,437,63,612,450,639,577,552,664,417,521,292,555,226,393,814,420,519,60,341,-418,-267,-61,-92,573,254,447,369,314,126,212,582,320,145,-165,-593,-342.57125636299
"FinancieleEnZakelijkeDiensten_119",NA,NA,NA,NA,235,213,272,301,417,461,406,428,395,395,380,351,362,345,341,364,321,431,197,61,-94,-88,-78,-19,94,15,-76,-85,-73,-57,-43,47,-61,-28,-17,86,-79,-31,196,-66,-46,9,95,139,74,-102,118,157,174,125,25,-42,84,35,47,-114,-42,23,-8,30,-15,4,-19,-59,-56,-70,-123,-145,59,54,117,52,-2,-18,-55,-76,-40,-30,73,61,331,25,-95,57,134,76,43,93,67,103,106,69,75,121,88,81,237,-115,-39,-18,1,9,73,129,187,163,98,-75,-167,-150,-110,-75,-14.86574615468,NA
"Gebouwen_134",NA,NA,NA,NA,-701,247,35,-165,709,-77,-42,13,501,44,291,367,285,447,356,758,515,545,212,126,206,148,66,6,199,-39,29,-209,-320,-12,-49,-276,-73,-468,-407,-286,-540,95,133,153,235,75,135,213,565,567,649,725,517,675,356,143,-62,-494,-340,-553,-874,-738,-563,-705,350,61,32,-112,-760,-520,-278,-329,-427,-375,-347,-31,28,-178,-192,113,347,439,34,-227,30,239,257,373,312,361,242,338,218,478,323,451,740,726,667,409,438,-278,-133,85,-98,322,-104,251,393,690,465,370,241,150,108,-325,-698,-517.55195714582
"GHandel_40",NA,NA,NA,NA,411,714,624,500,991,1017,690,989,1022,1013,875,678,778,600,679,1128,1216,1388,1283,877,616,290,5,-126,-442,-168,-33,-262,588,132,1,63,412,738,672,704,464,229,572,547,668,874,739,997,1018,780,797,350,264,0,321,-222,-1597,-1665,-888,-445,436,967,795,913,1417,1080,683,160,-167,69,-272,23,-487,-6,653,1013,545,744,532,510,642,622,641,756,625,591,719,875,718,714,732,475,725,1041,607,735,824,915,944,1137,7,-1578,635,608,989,3972,2223,2181,1332,-99,-339,-266,299,-494,-510,-321,-471.0980585365,NA
"GNCommercieleDienstverlening_152",NA,NA,NA,NA,220,1014,1292,1217,1901,773,879,467,2355,1245,1493,1971,1320,2058,1527,1867,853,925,480,486,273,544,-45,-10,-1134,-1273,-958,-2183,-986,-830,-938,-345,646,-179,232,687,77,1531,1552,245,834,670,960,1997,2176,1573,1140,11063,919,1558,799,-10952,-1611,-2660,-2883,-3077,-2731,-1662,-2060,-1662,1136,31,389,610,-1396,-961,-1549,-1742,-1632,-1038,620,4455,422,-367,-772,-2341,2187,32564,2283,2581,2449,-26832,2535,709,1616,895,1380,1712,1572,951,403,468,1221,2260,1395,1884,921,-2738,-640,-573,402,3171,611,617,-382,1255,830,945,1608,806,433,-839,-2624.8416940165,NA
"Goederen_16",NA,NA,NA,NA,1767,-536,1988,2338,1839,4871,4412,4338,3663,3010,2833,3921,3950,4166,3830,5649,8020,7364,7945,8078,3788,1458,32,-3208,-2225,67,1396,2178,2285,683,806,2719,3056,7173,8242,8000,4940,5199,3884,3449,7264,6065,5168,6554,3963,3064,5077,4870,4117,2188,1438,-5556,-12695,-13330,-8397,-1120,7244,10111,8236,9431,8201,5861,3870,-324,2026,2974,1486,4951,1433,2168,2563,952,1945,2587,3371,3893,4969,4680,4982,5572,4296,5475,3981,4570,7386,5031,6964,6860,3729,4335,3614,2751,-302,930,1798,3810,196,-12136,-1054,2734,7069,22093,10899,9163,1645,3025,1572,5575,4776,123,-5385,-8014,-7936,-5404.76488606499
"Goederen_4",NA,NA,NA,NA,1793,414,2602,2354,2557,4531,4202,3275,4193,2351,2931,3447,2635,3455,4167,5406,6445,6798,5380,5448,3513,1045,976,-2301,-2453,-121,-24,1608,1930,1087,554,3010,2136,4740,6296,6035,3398,4013,3338,3366,6680,6146,5216,6040,3921,3246,5237,2636,3657,1442,1081,-2041,-8946,-10988,-8640,-3376,3805,10347,6193,7177,6803,2301,2461,-764,1442,2695,636,2589,-438,862,1805,1857,2611,1511,3045,3412,4456,5948,6371,8176,4102,6721,4682,3645,5523,3865,6340,5502,5431,3972,3112,3067,3539,4548,6108,7042,68,-9887,-1511,660,4900,17455,9621,7677,2474,2209,-67,3853,4249,1337,-5489,-5616,-5754,-4258.533275133
"GrondWegEnWaterbouwkundigeWerken_135",NA,NA,NA,NA,-74,418,484,297,-157,-336,-215,-235,380,104,5,-21,223,209,279,341,691,537,61,216,93,151,269,187,289,-89,-71,-262,-244,80,-143,-149,-190,-338,-372,-183,233,374,440,388,244,307,217,236,545,321,46,-22,95,213,29,-6,78,133,79,12,-271,5,-33,47,466,232,49,256,-476,-501,-325,-488,-74,250,257,323,-10,-359,-293,103,376,405,388,244,125,112,-104,-209,-312,-349,-284,-118,-40,371,66,-1,335,-227,32,37,189,54,-76,-180,-149,-105,12,34,24,-31,-206,-71,202,188,87,27,-251,-152.1383441841
"Horecadiensten_115",NA,NA,NA,NA,114,148,125,338,328,308,408,278,304,381,267,294,274,272,241,181,415,287,145,224,37,15,-108,-4,-196,-194,-120,-239,-419,-314,-236,-111,-61,-99,-24,103,-75,14,118,154,113,171,181,151,251,339,28,100,-23,-183,-276,-368,-463,-342,-188,-357,-442,-340,-139,-41,141,259,48,86,-75,-139,-88,-83,-213,-30,145,103,210,206,135,175,109,289,254,258,4,302,548,322,326,422,242,260,229,311,224,309,232,152,63,138,-683,-4329,-1049,-3875,-2845,1489,702,2358,3070,3561,871,1934,1463,309,-46,-48,-280.3054694251,NA
"Huishoudens_9",NA,NA,NA,NA,3012,2863,2561,2963,2398,2732,2548,2456,2861,3479,3947,3899,4437,4231,3751,3502,3542,2516,2074,2255,1238,1653,1327,1776,1073,952,924,540,317,117,-204,-616,542,486,791,479,-363,628,1295,1195,-95,323,-171,-535,1212,903,1386,2249,1217,1306,533,-262,-1201,-2090,-1330,-1326,-1021,-56,486,911,723,549,-130,-921,-406,-658,-857,-1616,-1724,-1243,-876,878,-251,382,206,799,1453,1690,1739,1144,707,399,912,1462,1429,2070,2241,958,2245,1967,1246,1489,284,838,700,1070,-1025,-10555,-4102,-5371,-5780,8140,5417,5684,9857,5644,2345,3321,2146,323,-978,-95,924,1123.6971338585
"Huisvesting_114",NA,NA,NA,NA,369,394,332,333,246,223,212,211,234,286,248,211,286,180,373,378,374,369,219,140,553,125,-38,233,98,285,309,196,207,404,436,205,328,447,496,260,350,398,266,287,190,196,66,31,45,154,198,326,197,249,163,177,208,154,233,301,318,335,315,307,182,214,161,165,208,172,202,201,107,131,154,179,215,156,137,116,131,180,154,155,-62,247,35,255,162,171,192,193,292,323,363,324,246,204,180,229,235,213,205,215,376,242,198,159,220,270,369,340,268,207,191,264,221.385868643501,NA
"HVervoerEnOpslag_41",NA,NA,NA,NA,112,117,94,106,232,220,250,231,399,324,299,293,143,142,155,217,312,292,353,243,149,154,29,-119,-269,-181,-67,34,244,214,234,144,63,530,379,387,121,95,302,371,218,314,326,385,309,423,438,389,268,224,93,-205,-818,-655,-619,-263,149,381,370,458,465,366,185,14,-203,46,93,305,-6,-145,-84,-8,66,215,259,296,41,-107,-87,6,-69,-61,-142,-137,303,294,363,311,121,98,-11,37,259,295,263,81,-671,-2133,-1725,-1185,-437,1404,1242,1174,593,1084,746,209,-390,-743,-613,-612,52.6070165278197,NA
"IHoreca_42",NA,NA,NA,NA,20,37,0,61,243,247,289,243,293,348,203,198,95,118,129,125,247,236,218,204,12,11,-116,-69,-194,-190,-106,-179,-239,-253,-225,-133,-73,-170,-108,6,-96,-27,76,44,-46,45,131,116,125,154,-8,-12,-48,-170,-183,-257,-372,-314,-146,-211,-265,-224,-70,-55,114,176,43,79,-13,-89,-17,24,-94,27,78,68,129,106,64,93,49,145,153,205,124,77,175,31,88,145,38,69,99,152,94,145,121,67,12,9,-611,-2493,-824,-2124,-1362,922,401,1081,1704,2298,530,1548,835,149,-34,-38,-131.08677297462,NA
"InCultuurGebrachteActiva_142",NA,NA,NA,NA,7,4,8,9,62,179,121,56,-68,-200,-149,-83,79,47,24,-40,-33,-53,-37,-9,-15,92,-48,-5,-34,-67,53,45,-35,10,-35,-9,33,-1,20,7,-8,1,-18,-10,-21,-24,13,1,47,27,13,4,-24,-20,1,-1,-54,-42,36,74,51,21,-24,-58,-27,-23,4,-2,30,27,-2,10,-123,-27,66,164,16,-30,44,-15,281,-20,-104,-149,-212,178,35,8,-36,-105,-31,-47,-95,-77,16,37,30,31,-1,6,41,37,4,11,-18,-8,-7,-3,7,7,18,-6,9,33,-25,-11,108,-20.4184843651542
"IndividueleConsumptieOverheid_125",NA,NA,NA,NA,-286,-295,-127,-29,615,595,538,598,606,880,836,839,407,426,306,431,615,867,800,805,842,1142,677,749,795,1333,949,1005,825,-22,622,1110,-339,644,78,485,202,90,954,448,2613,2774,2676,3294,614,456,379,1089,679,883,1082,1013,1358,1544,1655,1160,536,584,580,582,151,443,524,80,-204,-412,-356,-372,-42,-200,-360,-341,-47,214,257,8,177,24,248,49,206,314,320,338,266,297,387,509,652,575,586,511,972,976,1065,991,59,-859,528,445,787,3615,1362,1678,1277,-120,311,331,975,1011,1147,1150,937,796.551929958499
"InvoerDienstenCif_200",NA,NA,NA,NA,852,930,424,715,1316,1994,1984,2298,1749,1443,1530,936,1420,2237,1919,2605,1389,1409,1109,1512,1608,1508,1032,221,401,352,749,724,-269,-192,-190,3,-1137,-203,-501,2053,1699,1610,1202,-1023,564,-195,94,1336,735,686,1054,12123,1607,1788,968,-11666,533,144,360,457,822,351,1905,864,1758,771,1317,957,-367,763,533,539,471,106,1717,4100,1915,1706,1219,-754,1920,33705,3123,3319,2102,-29741,-371,-1219,1603,1965,2782,3744,2998,3478,2535,691,-1034,197,15,-1688,688,-6974,-5493,-4293,-5230,-582,1865,-752,4518,5348,2397,1648,960,173,-146,-128,255,1124.7403796637
"InvoerGoederenCif_197",NA,NA,NA,NA,1807,363,2639,2485,2576,4633,4318,3406,4263,2420,3001,3521,2720,3503,4210,5415,6383,6856,5373,5618,3779,1158,1032,-2465,-2582,-180,-69,1640,2017,1051,570,3079,2128,4835,6486,6164,3466,4135,3455,3487,6982,6405,5381,6242,3928,3267,5243,2637,3728,1493,1194,-2145,-9055,-11141,-8669,-3246,3815,10537,6289,7296,6979,2286,2457,-894,1513,2788,677,2688,-619,742,1614,1684,2455,1371,2955,3274,4542,6021,6430,8296,4037,6680,4671,3542,5595,3785,6261,5558,5469,3999,3187,3137,3434,4450,5975,6900,-97,-10194,-1671,480,4964,17760,9994,8254,2497,2243,-3,3939,4301,1324,-5558,-5568,-5728,-4097.47936781299
"JInformatieEnCommunicatie_43",NA,NA,NA,NA,117,160,134,143,316,402,438,486,456,528,489,593,540,632,516,608,642,711,585,573,527,539,509,337,248,189,188,248,174,136,264,259,70,13,77,66,191,234,290,230,318,402,258,464,476,522,560,463,252,246,189,134,-178,-180,-336,-133,12,-135,-2,58,112,224,153,-19,229,97,52,-151,-21,154,55,338,238,219,182,342,190,387,374,419,329,373,391,610,517,620,490,441,363,470,455,313,226,416,406,452,463,215,384,329,16,763,556,534,344,388,432,359,400,-15,-227,59,46,-9.71808768690062
"k_1012VoedingsGenotmiddelenindustrie_24",NA,NA,NA,NA,51,28,91,90,-132,-37,-65,-122,87,132,81,46,-25,88,113,207,72,-22,-161,-167,35,-79,-54,-42,77,89,15,-42,24,-51,-143,15,91,69,-3,46,42,110,143,64,-227,-289,-347,-370,79,137,-89,99,34,-67,-194,-107,-26,-68,20,-31,54,26,-148,-155,38,75,-3,23,188,138,95,221,124,81,-98,191,144,211,115,60,48,-28,146,338,70,37,-97,-89,-75,1,9,111,57,52,55,-5,33,73,60,37,49,-275,32,8,57,511,271,268,16,93,30,78,29,-102,-83,-87,-39.51055329151,NA
"k_1315TextielKledingLederindustrie_25",NA,NA,NA,NA,-30,-5,-7,4,1,6,-12,-7,25,26,15,5,1,-4,2,12,20,26,12,5,9,-3,-9,-9,-28,-17,1,-13,-31,-1,-22,20,-29,-51,-36,-50,-10,-6,-15,21,27,-3,8,5,31,31,16,-2,12,13,-10,-31,-53,-65,-41,-23,-23,11,20,17,16,32,30,29,-3,-30,-20,-22,-9,5,17,1,-11,-2,-7,-2,1,-2,10,10,-3,4,-15,-13,14,2,16,8,-10,1,-9,-17,-15,-10,-9,-15,5,-73,-1,19,4,125,53,51,3,9,-25,-36,-40,-39,-27,-1,22.97648879664,NA
"k_1618HoutPapierGrafischeIndustr_26",NA,NA,NA,NA,-56,-10,12,-4,33,85,78,91,38,-2,-11,-17,7,11,25,61,13,18,3,-30,-16,-12,-21,-28,-48,-58,-39,-45,-16,-39,48,-30,20,9,26,46,-1,47,27,37,49,8,-60,39,3,38,18,0,43,-26,20,-37,-119,-101,-43,-22,-24,-7,-52,-33,44,13,-14,-18,-45,-83,-57,-41,18,6,30,-9,-21,26,36,34,10,3,-10,-3,29,11,19,35,12,15,15,22,-9,4,-5,43,24,11,30,-6,20,-63,-12,-18,-92,-33,-66,-79,-15,-6,-42,-36,-30,-43,-47,3,-11.571788025857,NA
"k_19AardolieIndustrie_27",NA,NA,NA,NA,-24,-19,-22,-103,-27,-13,-20,-65,26,6,7,52,-16,0,-1,-74,25,15,21,169,11,27,17,57,-3,-18,-18,-20,-22,2,3,36,15,7,-9,-34,-5,-5,-14,69,-1,-13,-2,-3,-9,6,9,4,43,3,-19,-70,10,9,0,16,-50,-24,68,87,107,38,80,245,7,54,-28,-205,26,22,-6,77,131,102,12,318,-5,3,0,-506,-3,16,33,-35,-1,13,-7,-103,30,41,68,135,26,6,78,34,-12,-82,-92,27,214,24,42,-21,-113,-12,0,56,102,8,22,25,-8.23554132967797,NA
"k_2021ChemieEnFarmaceutischeIndustrie_28",NA,NA,NA,NA,-9,21,70,85,33,68,41,87,140,54,-17,-61,-11,53,184,344,231,94,120,28,318,337,253,162,186,349,272,291,17,-53,-56,-40,202,211,112,-2,-62,-51,189,253,257,400,162,166,307,33,227,161,-204,-83,-188,-467,-621,-226,32,352,401,207,-38,-59,62,-2,194,-227,140,191,108,342,-191,-142,-108,-133,73,-51,-94,-233,-157,38,45,364,173,315,361,281,353,189,206,267,273,220,85,-43,-220,-224,-316,-69,-71,-295,-126,226,327,502,594,444,269,82,-140,-564,-695,-441,-529,-234,-47.2560879754501,NA
"k_2223KunststofEnBouwmateriaalindustr_29",NA,NA,NA,NA,-151,45,16,37,24,-45,-27,-10,104,2,18,-26,-34,16,14,79,55,22,-20,-18,0,-16,-4,-2,-2,-6,36,-30,-39,-55,-43,-34,64,39,18,77,-32,82,46,44,120,58,55,111,91,76,85,29,18,10,-6,-68,-240,-218,-119,-134,-85,13,-39,-42,151,42,4,46,-125,-91,-34,-80,-44,-28,34,32,89,59,15,-11,-49,-25,-49,23,39,88,115,116,79,60,52,50,27,48,-1,50,53,-24,-36,-69,-52,-148,-24,41,135,304,152,136,95,30,3,-114,-177,-243,-197,-147,-103.23953087973,NA
"k_2425BasismetaalMetaalprodIndustrie_30",NA,NA,NA,NA,-73,13,46,84,-28,48,-41,14,60,35,21,-66,-45,-45,-34,85,167,157,140,114,7,49,-11,-16,-88,-32,-31,-6,-35,-33,-51,-85,98,64,10,97,84,65,65,22,41,85,27,66,160,136,110,159,68,160,172,-72,-476,-414,-292,-66,63,253,176,214,202,185,92,11,71,-38,-83,-56,-167,-73,-84,-7,99,96,73,61,-54,-17,-43,-9,130,136,44,56,125,18,58,89,61,122,131,192,86,-46,10,-176,-67,-340,-129,-101,88,414,264,197,231,82,-77,-91,-204,-236,-127,-75,-10.1986933223102,NA
"k_2627ElektrischeEnElektronIndustrie_31",NA,NA,NA,NA,25,54,66,54,10,64,79,43,177,171,129,91,192,159,151,190,203,243,137,202,-61,-1,-57,-136,-248,-214,-73,-178,93,4,0,26,105,37,73,77,305,326,185,189,194,144,90,176,252,143,24,30,100,219,93,-47,-285,-398,-353,-239,-354,-127,109,0,179,115,98,203,-17,-9,60,-8,-124,2,205,170,122,51,26,82,-10,-11,-130,-107,73,-49,-64,51,9,166,111,143,133,185,47,-17,36,17,73,211,177,-96,-4,-7,3,288,167,350,193,148,327,173,61,-62,-84,-221,-84.1935420411801,NA
"k_28MachineIndustrie_32",NA,NA,NA,NA,120,107,89,65,32,114,69,86,-18,12,-43,-41,-23,-12,0,51,277,259,292,292,-43,0,-48,-57,-55,-70,-18,-20,77,44,96,76,202,239,302,278,27,45,-26,-31,31,131,148,380,326,23,128,179,83,117,-69,-207,-508,-409,-412,-112,321,546,548,543,534,319,211,15,-160,-227,-379,-155,-213,-31,97,318,271,174,158,-6,100,109,-46,-48,-122,-91,9,26,385,405,378,387,292,51,328,187,65,236,325,738,197,230,50,288,745,733,583,628,660,696,539,786,849,681,609,922,452.78894736923,NA
"k_2930Transportmiddelenindustrie_33",NA,NA,NA,NA,-22,-10,-57,-54,49,79,111,120,146,126,109,79,76,78,42,58,-40,-35,-32,-26,204,171,131,82,-78,-15,17,24,16,-67,-12,-28,6,26,-39,57,-14,52,-42,-84,-61,-32,39,36,239,179,172,109,39,-16,66,4,-370,-282,-356,-270,1,130,188,304,84,6,49,-85,-115,-74,-135,-141,-72,-49,16,39,-21,-56,-36,-14,63,53,40,62,84,89,-12,-35,165,161,209,185,-30,3,10,17,52,-34,-46,-102,-80,-373,-60,58,62,303,-95,-16,-74,62,201,54,190,74,17,-148,-136.6805852603,NA
"k_3133OverigeIndustrieEnReparatie_34",NA,NA,NA,NA,-58,136,54,42,8,72,62,127,340,245,164,117,-62,42,21,144,79,111,50,35,181,174,81,64,-31,-33,40,-41,-62,-220,-11,-25,-38,45,-14,-40,19,90,-29,-10,-102,-42,-2,108,164,44,1,58,33,51,55,-21,-305,-187,-138,-188,-130,-69,67,-2,-44,17,25,43,-21,3,-5,21,-161,-142,-168,-148,-49,-42,13,31,10,-27,-103,-75,-73,-76,-51,-8,58,71,68,179,144,165,104,-7,-81,-124,-97,-168,-32,-346,-163,-155,-130,200,75,48,42,30,-80,10,-6,7,86,41,50.2613684948501,NA
"k_77VerhuurVanRoerendeGoederen_49",NA,NA,NA,NA,NA,NA,NA,NA,NA,NA,NA,NA,NA,NA,NA,NA,NA,NA,NA,NA,NA,NA,NA,NA,NA,NA,NA,NA,NA,NA,NA,NA,NA,NA,NA,NA,NA,NA,NA,NA,-16,16,30,17,83,62,58,71,118,130,164,148,319,364,354,335,-60,-31,-9,20,-94,-103,-118,-96,-30,-69,-85,-95,57,79,89,98,59,23,5,-1,-63,-24,-34,-36,-305,-314,70,37,200,232,-339,-339,155,153,156,160,240,205,217,196,68,131,139,201,-391,-518,-498,-536,-55,40,43,143,49,34,11,6,-16,43,42,39,40.00996453174,NA
"k_78UitzendbureausEnArbeidsbemiddeling_50",NA,NA,NA,NA,446,556,557,471,290,292,360,416,542,516,498,339,198,99,73,331,63,-1,9,-119,38,-20,-37,-39,-136,-235,-295,-364,-84,-171,-282,-283,-114,-91,42,49,348,382,398,325,427,508,329,352,443,502,564,411,322,296,154,5,-181,-584,-748,-824,-513,-292,-160,-22,334,256,162,81,-102,-35,-107,-203,-122,-121,-141,-1,122,191,313,369,384,454,495,509,309,388,413,378,318,399,417,407,334,203,113,31,-43,-140,-231,-248,-405,-1238,-985,-759,-420,824,803,606,680,377,119,57,-384,-455,-427,-360,-116.56798698457,NA
"k_79ReisbureausReisorganisatieEnInfo_51",NA,NA,NA,NA,20,17,40,7,21,18,28,7,7,11,20,7,39,48,90,21,14,16,14,5,-7,2,6,-16,-4,-23,-18,29,-6,-21,-41,30,-4,2,-9,34,14,-17,-87,33,-2,-37,-13,38,34,-6,14,38,2,67,-42,32,-23,-35,-142,17,8,20,158,66,37,75,21,24,116,154,129,126,59,35,-4,13,-17,136,250,96,65,118,223,78,176,165,244,160,193,233,102,57,115,135,212,180,66,94,45,-4,-481,-1450,-1194,-1013,-467,805,762,691,572,1075,636,407,476,966,-27,68,95.8413793903201,NA
"k_8082BeveiligingEnOverigeDiensten_52",NA,NA,NA,NA,NA,NA,NA,NA,NA,NA,NA,NA,NA,NA,NA,NA,NA,NA,NA,NA,NA,NA,NA,NA,NA,NA,NA,NA,NA,NA,NA,NA,NA,NA,NA,NA,NA,NA,NA,NA,18,5,56,60,88,101,166,128,117,81,49,63,132,170,75,63,7,-49,24,-59,-112,-42,-20,-3,25,23,58,38,-53,-46,1,-23,-29,4,65,95,47,-105,-74,9,38,91,103,91,104,45,-13,1,36,111,99,59,112,59,73,119,64,74,40,21,160,-153,-59,-10,-16,379,278,311,258,251,189,124,115,13,71,18,-28.6149659652001,NA
"KFinancieleDienstverlening_44",NA,NA,NA,NA,509,487,672,641,624,675,690,754,683,688,812,853,508,779,795,741,490,434,406,17,-93,-68,-73,14,290,317,236,81,-134,-54,-5,268,375,-185,654,705,316,327,-267,-53,698,1003,925,184,477,536,1080,1175,1172,1101,459,5,-185,320,-80,20,457,431,-146,140,51,-97,-117,-329,-19,-322,-447,-1056,-219,-301,-298,-262,-160,-385,-344,-307,-51,14,137,50,22,14,211,-24,67,-120,-312,-329,-237,-140,-147,-211,-157,-88,14,66,620,-31,-576,-212,-382,-337,50,39,230,41,26,-579,-868,-522,-357,-420,10,-90.5840075675005
"KledingEnTextiel_104",NA,NA,NA,NA,106,34,119,20,164,136,94,237,30,221,251,150,229,144,-96,123,122,50,261,46,71,62,51,-84,-68,114,-146,131,44,-46,-115,-137,-91,91,105,-45,-21,-151,33,173,140,248,252,174,306,129,134,17,-14,24,40,-34,-60,-63,-59,-16,-28,41,219,-6,120,87,-83,-33,15,-140,-28,5,-146,-4,-24,88,142,170,107,165,185,163,254,107,30,-218,53,126,58,236,223,-38,14,41,-5,8,27,154,-33,-3,-464,-851,-201,-675,-449,817,523,663,1088,404,45,120,48,-186,-249,47,-113.46547463308,NA
"LVerhuurEnHandelVanOnroerendGoed_45",NA,NA,NA,NA,107,104,115,120,200,206,233,275,126,144,131,136,120,83,75,152,106,51,131,108,91,56,48,83,71,77,30,76,28,-109,-9,-27,112,138,128,82,96,116,175,92,17,157,112,151,122,159,-34,34,151,174,104,16,-57,-66,21,119,333,297,245,220,57,65,23,107,234,286,143,268,391,378,486,545,514,438,362,356,243,251,316,258,76,153,32,102,255,276,284,316,261,232,341,247,231,219,277,338,152,44,175,76,160,493,482,626,627,511,313,458,440,284,306,294,185,254.7570326597
"MachinesEnOverigeMaterieleActiva_141",NA,NA,NA,NA,131,9,637,668,1118,1219,592,186,-98,-220,678,241,665,208,822,1642,-527,61,-504,-1020,-29,-541,-245,-165,-122,-226,-391,-1015,-1004,-925,-77,815,-231,537,-179,-971,125,-405,310,162,181,261,544,801,1021,422,443,160,384,868,650,238,-316,-1046,-1001,-788,-923,-475,-419,-246,923,646,712,796,-356,-586,-610,-886,-945,-597,185,-86,249,320,-57,432,84,-27,40,-155,-229,-117,-167,-339,20,227,400,925,609,616,438,207,82,93,20,-99,321,-299,181,279,189,719,228,150,5,132,28,63,156,142,-38,-447,-105,-329.70332792509
"MedischeDienstenEnWelzijnszorg_118",NA,NA,NA,NA,241,253,312,282,5,-3,-26,-31,85,102,91,103,71,55,59,68,-45,-44,-62,-56,114,155,158,123,198,114,97,110,164,168,188,177,219,277,218,216,185,159,170,317,-1724,-1638,-1682,-1565,-83,-239,-140,-121,177,157,90,85,-12,-8,4,6,108,73,93,90,106,112,146,135,134,150,165,101,296,284,220,225,-13,3,-21,-5,56,25,14,15,-100,109,26,21,16,-16,-39,-54,31,31,36,10,66,48,36,25,-219,-840,-94,-249,-170,712,47,246,402,168,44,66,80,76,70,79,-22.9682789089802,NA
"MSpecialistischeZakelijkeDiensten_47",NA,NA,NA,NA,NA,NA,NA,NA,NA,NA,NA,NA,NA,NA,NA,NA,NA,NA,NA,NA,NA,NA,NA,NA,NA,NA,NA,NA,NA,NA,NA,NA,NA,NA,NA,NA,NA,NA,NA,NA,96,188,242,302,299,394,735,613,563,406,207,263,470,439,450,508,1,-433,-433,-509,-202,-197,48,-98,-217,480,268,370,-353,-39,-81,166,-417,-226,-230,-66,366,496,294,475,462,355,406,495,203,381,93,250,238,86,236,207,347,409,241,363,243,182,362,153,785,-138,199,663,262,1396,1032,1358,957,1413,1183,1004,1283,797,777,488,596.424405691901,NA
"NettoBinnenlandsProduct_69",NA,NA,NA,NA,2381,4197,4067,4056,4064,4667,4662,5638,6521,5095,4379,4824,4778,5211,5492,7499,6238,5745,3915,3390,3021,3293,2114,1130,-675,-302,106,-1014,402,-1059,-921,157,1497,2526,2809,3046,827,2950,3404,3364,5115,5090,4419,4805,4709,4514,5816,6243,4833,4729,3039,-1504,-7129,-8670,-7039,-4781,-688,2761,2282,2708,4180,3158,1897,-330,-2305,-1354,-2432,-2549,-3253,-1309,105,2078,1750,2129,1579,2791,3191,3389,3719,1677,2762,3443,3095,3543,4806,4760,4248,4055,3906,4298,3188,2792,2756,3116,3240,3186,-1185,-17695,-6709,-6368,-2482,20229,11709,13216,11071,9565,5172,5231,2965,-898,-2176,-1395,-1819,-1356.200866317
"NietProductgebondenBelastingen_204",NA,NA,NA,NA,154,142,-17,-137,-130,23,25,139,57,61,66,120,68,129,147,287,67,60,58,72,102,93,179,212,49,49,-9,91,-65,-46,-28,-7,5,66,2,81,45,99,106,185,46,-4,1,61,42,55,18,59,177,11,-76,-66,58,-8,15,199,-41,89,87,44,214,164,27,-412,-7,-28,14,-288,35,60,49,-220,33,19,41,64,114,87,97,152,-5,-24,18,-490,41,34,15,45,19,10,34,36,-55,-13,-4,-16,62,40,71,467,-23,92,47,-169,8,1,-29,-74,-1,17,20,39,46,13.1646117428299
"NietProductgebondenSubsidies_207",NA,NA,NA,NA,260,205,302,292,326,190,207,143,340,261,254,209,-29,190,72,91,132,3,95,113,191,134,187,54,-23,-14,-94,24,-76,-30,0,-20,95,118,140,215,-220,-142,-92,-91,120,61,-18,168,-230,-112,37,82,139,97,39,217,6,-3,137,75,69,291,124,-99,-272,90,-23,-48,-110,-138,-127,-100,-23,43,45,80,60,-196,-181,-53,104,87,96,107,-26,-40,-70,-49,29,-20,23,45,-4,-15,40,15,180,152,108,64,194,-66,-26,1792,76,12,39,-33,-40,43,13,142,66,63,31,-101,61,76.1126248005598
"OnderzoekEnOntwikkeling_145",NA,NA,NA,NA,-162,5,84,140,295,103,146,70,-32,-142,6,-22,52,183,213,273,-27,141,-55,-72,35,79,66,94,-3,-75,-61,-286,-249,-139,15,306,-372,269,297,196,274,60,64,-427,-502,-355,133,753,413,-104,-79,8411,-217,413,-86,-9117,165,-49,265,602,-67,-95,-250,-323,140,99,128,155,-15,-43,-19,-38,-108,381,905,2510,354,-214,-541,-2129,-168,24153,-379,-406,-4,-24153,83,38,60,54,89,145,128,206,206,200,95,118,47,28,237,-12,-27,-65,-22,34,47,88,118,40,-19,65,77,18,15,29,-41,39.4795641413898
"OntvangenInkomensoverdrachtBuitenland_78",NA,NA,NA,NA,NA,NA,NA,NA,NA,NA,NA,NA,NA,NA,NA,NA,NA,NA,NA,NA,376,452,416,423,-339,-423,-405,-385,-241,-278,-239,-221,44,43,28,-56,157,168,157,178,132,98,139,159,-193,618,283,50,191,452,407,407,516,374,106,214,-24,-489,-123,274,328,63,-37,-98,-23,190,202,170,72,95,219,-4,85,-96,-94,18,225,255,113,377,300,200,271,-239,-857,506,-451,-174,-75,-351,-118,531,286,227,446,-98,330,46,418,406,608,-659,-558,-79,15,277,524,684,-790,471,-474,-60,7,-245,-102,108,59.9845097616899,NA
"OntvangenPrimaireInkomensBuitenland_74",NA,NA,NA,NA,NA,NA,NA,NA,NA,NA,NA,NA,NA,NA,NA,NA,NA,NA,NA,NA,5835,15308,25691,15700,2975,-10446,-9759,-3394,-5218,254,-9504,-7510,-1735,-331,2583,718,8803,1755,3520,12461,5355,11790,5568,11284,11451,7712,5857,2171,7964,17885,18183,12524,-6309,-12626,-9778,-20112,-8312,-8110,-15559,-1371,9469,14031,17029,12123,9839,-1654,2887,4102,-5022,-2201,-5411,-2541,1958,2388,2856,-4037,5877,7571,7894,7703,-656,-542,-4957,-861,-3386,-3095,1895,1869,778,870,205,-2353,6471,9642,9572,6598,-8500,-11885,-10780,-5949,-14048,-15198,-14493,-19455,6963,12715,5462,15380,9948,1050,6776,8317,-991,17083,17211,-1569,4340.51581201291,NA
"OOpenbaarBestuurEnOverheidsdiensten_56",NA,NA,NA,NA,NA,NA,NA,NA,NA,NA,NA,NA,NA,NA,NA,NA,NA,NA,NA,NA,NA,NA,NA,NA,NA,NA,NA,NA,NA,NA,NA,NA,NA,NA,NA,NA,NA,NA,NA,NA,-231,123,21,251,104,-19,106,98,108,148,300,188,67,129,187,216,329,266,168,237,231,391,256,394,-11,-95,-132,-59,-37,-39,18,6,56,110,81,189,-54,-85,-60,-120,-42,-52,-7,-136,14,-37,107,63,180,233,198,225,-17,-5,22,61,224,287,273,339,374,403,361,367,117,264,208,235,332,337,365,656,293,456,357,511,497.844503938,NA
"OUNietCommercieleDienstverlening_153",NA,NA,NA,NA,-145,369,434,397,411,-174,147,-126,432,183,125,282,430,698,598,588,453,432,31,122,196,376,326,302,748,427,474,160,556,723,535,381,-20,-322,-70,125,-311,256,321,281,297,543,434,805,599,123,199,25,412,773,331,134,277,162,406,-4,-517,-62,-47,-73,192,-299,-348,-305,-665,-533,-334,-297,-642,-432,121,7,-164,-387,-853,-454,410,463,424,601,241,222,152,-231,102,40,-3,422,-22,438,275,-84,425,-93,81,140,400,76,236,150,-7,194,39,88,-147,-325,-102,-102,184,239,31,-182,-131.077087053351,NA
"OverdrachtskostenOpGrond_136",NA,NA,NA,NA,53,66,96,82,-14,-29,-53,-16,6,4,11,26,8,16,66,2,45,56,75,130,-54,-65,-143,-177,-47,-37,-55,-82,-94,-64,-91,-138,10,37,50,134,7,39,30,-4,10,9,32,-51,1,-48,-12,-30,-17,7,-64,-87,51,-52,-69,-46,47,41,33,8,45,43,-40,-79,7,53,87,62,-70,-98,-94,63,28,100,10,69,76,30,41,-36,161,117,99,117,26,-26,-51,-10,-6,40,38,-7,-6,107,62,42,75,41,179,67,109,100,-30,-23,-163,-21,-17,-45,-33,15,77,-33,55,4.61343476026002
"Overheid_10",NA,NA,NA,NA,-497,-467,-295,-146,890,840,862,973,1085,1240,1157,1132,613,586,545,876,819,1169,1035,1025,1469,1579,1206,1445,1114,1743,1439,1476,1093,756,737,1258,-654,-28,-170,183,61,124,693,843,2889,2993,2584,3451,1177,1013,1479,1172,1088,1187,1484,1374,1659,2051,2198,1807,560,574,312,144,-90,67,-257,-449,-380,-674,-574,-377,188,87,4,-250,226,347,396,-20,67,-249,81,-31,470,654,502,700,366,326,491,434,885,820,777,557,1188,1145,1420,1251,635,-166,1224,1214,1441,3911,1740,2362,1085,259,813,911,1285,1567,2297,1959,1675,1777.9648827935
"Overheid_13",NA,NA,NA,NA,-137,424,563,483,211,-3,73,-177,417,40,19,166,432,587,719,616,272,75,-151,646,412,360,441,231,483,604,615,323,176,86,271,-98,122,-301,-587,-616,-320,-108,12,-80,386,576,401,676,214,196,16,-210,694,563,32,-179,49,170,728,262,-420,-52,-416,-259,300,-235,48,-451,-959,-847,-153,-179,-156,-116,-245,-266,-111,-155,-263,-314,388,195,93,441,-128,-92,235,152,33,-207,183,376,-5,262,-13,240,447,407,41,-401,27,164,128,874,288,-1,-80,-505,-395,-429,-64,-394,-109,157,241,152,151.07396446423,NA
"OverigeDiensten_120",NA,NA,NA,NA,79,122,173,222,218,281,218,278,201,264,224,124,279,194,238,348,171,231,199,189,200,278,188,227,-40,-111,-2,-35,-157,-171,-82,-262,43,-155,39,-38,-131,-46,-169,-199,-106,-67,43,82,163,36,134,92,83,80,135,11,-157,-194,-132,-121,-298,-143,-54,-22,-7,-5,-111,-73,-71,-114,-72,-171,-202,-180,-24,-29,-41,-40,-10,-22,79,50,82,79,-22,59,414,66,174,224,230,222,238,219,192,213,94,148,124,85,-313,-715,-149,-370,-316,902,450,474,842,313,137,228,267,130,43,29,-36.3620255281503,NA
"OverigeDuurzameGoederen_109",NA,NA,NA,NA,49,86,85,93,75,112,89,73,170,182,198,142,125,114,143,71,118,28,42,61,-28,65,-12,7,-56,-62,-38,-63,3,-90,-131,-43,-82,-13,15,-17,-37,-26,32,74,102,160,67,101,97,162,78,90,49,25,8,239,-33,-101,-303,-158,-49,-14,-34,7,1,-25,-10,-39,-50,-46,-51,-52,-120,-65,-57,-79,-35,-48,-12,57,80,76,53,24,12,14,6,12,86,122,117,54,66,89,47,77,43,59,51,14,64,-29,260,1,-175,479,169,239,472,34,-30,94,69,-26,-19,20,-9.23879612878,NA
"OverigeImmaterieleActiva_146",NA,NA,NA,NA,60,27,58,46,9,23,10,7,17,9,17,9,-44,-35,-38,-34,-27,-3,-7,-15,28,44,48,25,32,38,36,17,-22,-35,-32,-5,510,-127,-194,-121,-462,184,117,80,-50,-44,33,130,-150,-119,11,166,218,147,-6,-272,-49,-36,-34,0,38,64,79,72,-12,-33,-10,-26,58,51,36,65,10,-20,-24,3,0,-11,1,30,-122,-110,-129,-166,-17,-11,-7,-13,-2,-1,-3,-13,-6,-12,-7,-3,3,5,2,14,13,-61,-42,-52,-70,32,53,35,40,58,15,38,67,-2,-1,-3,4,9.14985995794601
"OverigeUitvoerVanDiensten_177",NA,NA,NA,NA,834,780,813,1203,1275,1508,1669,2013,909,899,537,701,1450,1565,1540,2128,1062,1243,1086,1256,1028,1101,945,375,152,240,41,131,241,127,-251,-28,-612,123,202,2356,1797,1864,1150,-482,1271,929,869,205,664,1308,1492,1956,2236,1468,1172,519,-326,-595,-1101,-1043,370,741,2022,1933,1962,1109,1488,1064,230,1624,1272,971,1027,56,1277,2050,2081,2744,3172,2757,9721,3300,2733,2971,-6379,-16,-1251,-2000,1713,2375,2686,3588,2992,3100,3852,1966,925,2821,1325,275,1383,-4519,-3979,-3048,-3890,1310,4328,1044,4622,5019,2460,1223,-14,-1084,-1761,-1201,-126,-233.695162332602
"POnderwijs_57",NA,NA,NA,NA,NA,NA,NA,NA,NA,NA,NA,NA,NA,NA,NA,NA,NA,NA,NA,NA,NA,NA,NA,NA,NA,NA,NA,NA,NA,NA,NA,NA,NA,NA,NA,NA,NA,NA,NA,NA,-47,-14,-8,-20,-34,78,-6,-16,29,26,55,69,80,94,128,132,-24,6,-3,-13,18,49,32,-38,203,137,99,75,79,55,-59,-143,-33,9,27,126,75,39,81,-38,79,21,76,2,-59,-69,-69,-101,20,19,84,27,22,46,34,13,-67,-84,-29,-2,62,-256,32,-47,-211,336,40,115,312,-58,-50,-35,-87,-17,-146,-27,-41.8302171461,NA
"ProductgebondenBelastingen_203",NA,NA,NA,NA,579,670,487,832,494,410,275,580,685,472,700,961,1228,1281,1069,1286,1004,957,-1054,495,-23,387,444,417,682,-21,-463,-121,-472,212,389,85,63,453,68,260,-194,10,790,553,886,860,737,654,772,493,490,515,112,201,-38,-638,-1031,-1513,-1176,-1267,-310,21,106,17,37,-42,-368,-545,-579,-433,-334,-944,-1013,-986,-432,-200,-40,369,206,295,796,828,750,452,841,714,745,762,631,677,470,281,751,533,475,349,4,462,310,424,115,-1518,304,-375,-277,1804,202,793,406,195,-15,62,414,88,-182,-305,-111,-120.7539465189
"ProductgebondenBelastingen_61",NA,NA,NA,NA,579,670,487,832,494,410,275,580,685,472,700,961,1228,1281,1069,1286,1004,957,-1054,495,-23,387,444,417,682,-21,-463,-121,-472,212,389,85,63,453,68,260,-194,10,790,553,886,860,737,654,772,493,490,515,112,201,-38,-638,-1031,-1513,-1176,-1267,-310,21,106,17,37,-42,-368,-545,-579,-433,-334,-944,-1013,-986,-432,-200,-40,369,206,295,796,828,750,452,841,714,745,762,631,677,470,281,751,533,475,349,4,462,310,424,115,-1518,304,-375,-277,1804,202,793,406,195,-15,62,414,88,-182,-305,-111,-120.7539465189
"ProductgebondenSubsidies_206",NA,NA,NA,NA,-50,-52,-48,-48,8,8,9,-10,-9,2,-16,4,41,9,42,27,7,-10,-6,-6,-16,-1,-29,-11,-34,-31,-30,-31,3,4,-14,-4,-4,3,0,-9,-14,-9,-2,0,-24,-12,25,12,-15,0,-23,9,17,-3,-1,-9,38,41,26,28,-1,-12,-12,-19,1,-1,-1,-10,-25,-15,-17,2,-7,-5,-9,5,-17,-1,1,-1,1,3,3,8,19,36,44,48,20,19,16,20,18,24,20,25,20,26,29,32,93,112,94,168,48,102,82,39,69,116,116,125,48,149,166,243,49,99.694803460548
"ProductgebondenSubsidies_62",NA,NA,NA,NA,-50,-52,-48,-48,8,8,9,-10,-9,2,-16,4,41,9,42,27,7,-10,-6,-6,-16,-1,-29,-11,-34,-31,-30,-31,3,4,-14,-4,-4,3,0,-9,-14,-9,-2,0,-24,-12,25,12,-15,0,-23,9,17,-3,-1,-9,38,41,26,28,-1,-12,-12,-19,1,-1,-1,-10,-25,-15,-17,2,-7,-5,-9,5,-17,-1,1,-1,1,3,3,8,19,36,44,48,20,19,16,20,18,24,20,25,20,26,29,32,93,112,94,168,48,102,82,39,69,116,116,125,48,149,166,243,49,99.694803460548
"QGezondheidsEnWelzijnszorg_58",NA,NA,NA,NA,69,134,166,195,192,231,185,227,195,198,155,110,-23,-52,-23,-27,13,-3,98,74,349,354,276,237,451,686,547,617,304,374,393,396,238,379,491,431,62,203,336,483,691,-186,370,363,-35,-36,104,359,493,610,648,565,775,817,782,727,463,448,415,424,491,525,539,638,4,-121,-152,-55,259,138,-78,-136,244,331,266,236,104,28,84,69,127,208,270,275,172,138,173,179,249,280,301,282,440,451,438,415,-507,-1949,-298,-416,525,3137,1045,1185,1016,319,353,268,484,505,673,649,497.8290788183,NA
"RecreatieEnCultuurdiensten_116",NA,NA,NA,NA,167,130,142,130,180,174,166,141,137,110,101,69,248,272,253,193,126,104,82,114,101,135,108,16,94,99,98,158,-61,-41,-15,1,29,37,44,22,-1,15,77,13,103,97,147,182,63,168,156,177,110,92,15,-37,-122,-120,-67,-65,-196,-24,121,25,-9,66,-57,-95,-187,-137,-168,-151,-174,-162,-139,-113,-114,-108,-56,-1,-21,60,64,45,-84,32,140,235,63,52,44,57,93,70,111,109,133,32,-23,-103,-568,-2350,-1896,-1573,-1561,367,697,646,1147,1668,911,1061,902,226,159,207,-0.799987924509878,NA
"RUCultuurRecreatieOverigeDiensten_59",NA,NA,NA,NA,-56,-17,9,31,148,167,172,168,139,116,99,66,140,141,165,166,148,126,118,89,99,53,53,55,42,4,34,34,-91,-124,-94,27,58,118,-85,-88,53,94,151,-34,-254,599,-56,251,278,38,130,164,85,0,86,-60,-141,-159,-88,-41,-43,-28,3,17,-12,15,-30,2,-119,-98,-66,-115,-124,-140,-129,-124,-35,-57,-49,-62,57,8,29,53,-5,49,64,66,70,72,64,77,107,94,90,103,103,160,117,113,-315,-1423,-896,-1022,-1126,622,546,441,856,1091,514,896,769,125,72,81,124,89.28801195302
"Saldo_60",NA,NA,NA,NA,802,911,689,1066,482,395,257,634,730,477,767,970,1138,1282,974,1228,1004,999,-1059,518,11,394,514,451,740,32,-419,-65,-484,206,424,95,72,453,68,285,-170,27,800,558,943,893,696,634,810,500,540,502,89,205,-37,-627,-1069,-1559,-1205,-1304,-310,38,124,46,36,-41,-368,-532,-553,-416,-315,-950,-1006,-982,-423,-207,-24,370,206,296,795,825,747,444,822,678,701,714,609,656,453,259,731,507,452,322,-17,433,280,389,21,-1630,208,-540,-324,1702,123,754,375,148,-57,16,396,54,-216,-350,-164,-170.3457780026
"Saldo_66",NA,NA,NA,NA,659,867,274,668,-130,211,9,583,369,262,534,862,1270,1232,1068,1410,925,1090,-1184,453,-105,345,473,552,825,90,-330,-53,-473,200,413,125,-32,402,-84,92,136,268,1010,830,859,846,736,530,1096,669,533,487,92,111,-153,-1075,-1039,-1618,-1401,-1439,-456,-269,43,248,627,-17,-331,-804,-429,-281,-152,-1104,-961,-1013,-441,-507,-52,598,435,424,807,821,748,492,843,694,789,273,619,709,441,260,749,533,446,344,-271,246,150,298,-104,-1501,313,-1944,-450,3737,91,904,716,23,-133,-378,303,-67,-283,-217,-183,-44.9487134012998
"SchoenenEnLederwaren_105",NA,NA,NA,NA,33,51,41,50,26,15,-20,0,-4,58,55,25,48,69,32,83,39,30,99,41,18,34,-6,-22,5,-19,-25,9,38,24,-12,-17,-1,38,49,5,5,9,53,70,32,110,60,41,78,-2,14,-13,-3,1,54,26,14,-12,-50,6,9,-46,71,41,68,50,-42,-3,18,-63,-33,-32,-72,-69,-93,-3,47,-7,-27,21,41,67,26,-21,-5,-6,-42,-18,56,43,68,27,-38,40,-19,8,9,38,42,58,-117,-193,-9,-207,-144,277,190,256,386,135,31,124,38,-3,-66,-32,-43.16007796801,NA
"Subsidies_68",NA,NA,NA,NA,96,-5,135,109,298,177,194,97,279,222,186,185,58,184,149,139,135,-20,80,94,154,120,127,29,-69,-65,-131,-26,-65,-20,-25,-24,82,112,130,178,-231,-148,-89,-84,73,34,29,176,-241,-102,-10,92,157,91,38,205,40,38,162,102,67,276,111,-118,-274,89,-24,-60,-134,-154,-144,-97,-29,39,36,86,45,-197,-180,-55,105,90,99,115,-7,-4,-26,-1,50,1,40,65,16,10,60,40,200,178,136,96,288,41,64,1965,117,33,77,-19,-37,66,37,183,83,94,58,-43,107,94.0652178770702
"Telecommunicatieapparatuur_140",NA,NA,NA,NA,8,10,7,6,6,6,8,8,17,20,18,16,16,17,11,9,4,1,-1,-2,-4,-6,-6,-5,-2,-4,-3,-2,11,14,11,8,10,9,5,3,13,15,11,9,20,24,22,20,28,25,17,11,5,3,-5,-11,5,6,5,7,8,9,3,23,82,46,45,63,-3,19,28,1,24,6,-8,12,13,18,22,42,17,3,-5,37,-1,-30,-13,11,-29,-16,39,-37,43,24,36,7,47,31,-28,2,25,13,-20,-35,50,35,8,16,76,77,32,26,35,21,-17,14,-5,-4.33508798951902
"Totaal_1",NA,NA,NA,NA,5607,5666,7775,7843,8613,12330,11865,11999,13492,9728,9790,10298,9875,12062,12765,16757,15544,15577,11828,12052,9611,6830,5105,-606,-2339,630,1516,2323,2796,450,83,3962,3010,7659,9239,11765,6495,9185,8504,6316,13226,11872,10383,12861,10130,9239,12903,21444,10927,8793,6004,-14152,-15324,-19444,-14972,-7035,4304,13775,10699,11042,13265,6571,6021,122,-590,2796,-726,1345,-2942,59,3939,8199,6531,5543,6187,5813,9616,42590,13716,14292,9731,-18984,7899,6223,12582,11193,13894,13944,13001,12470,9625,7338,5737,8313,9732,8906,48,-34125,-13243,-9628,-2925,37260,23811,21106,18782,17786,8229,11360,8917,1313,-7659,-6965,-6863,-4330.19170269201
"Totaal_100",NA,NA,NA,NA,368,319,147,385,219,288,295,96,233,174,-120,204,-12,189,337,330,316,220,134,84,377,-61,-101,212,82,7,107,-133,186,23,-31,-10,58,0,16,116,-84,-59,127,0,265,496,231,31,260,192,18,410,210,-52,-34,-121,-408,-177,-124,14,1,122,36,96,68,213,322,-31,256,28,23,50,-243,-275,-52,16,-119,211,17,176,146,208,299,348,505,-13,79,-106,-11,382,172,143,210,114,86,94,-82,-81,13,134,831,818,885,1164,407,258,-42,26,-388,-662,-375,-692,-489,-377,-307,-161,-113.4873814618,NA
"Totaal_103",NA,NA,NA,NA,308,513,703,463,594,501,570,741,813,1163,1238,1032,1539,1254,770,821,866,217,519,669,-445,228,368,258,211,293,78,268,188,8,-301,-505,53,142,138,-86,-290,-115,460,564,934,1073,689,567,933,695,769,694,220,513,452,41,-870,-1004,-939,-398,-27,224,553,238,634,262,-447,-237,-389,-507,-642,-1009,-1334,-1000,-620,679,461,438,335,537,606,616,765,389,62,-152,-62,391,559,749,896,111,896,937,591,524,66,338,176,752,-49,-730,1222,-127,-1498,2827,1025,1429,3345,-312,-585,96,83,-325,-466,-177,-490.3885400648,NA
"Totaal_11",NA,NA,NA,NA,-6,1429,2415,2337,3091,1863,1081,160,2359,569,2005,2084,2349,2635,2494,3582,1060,1832,171,-222,465,618,197,328,-373,-1063,-884,-2843,-1565,-1092,-445,1034,610,39,-145,-275,-77,1254,2008,728,1233,1624,1993,3762,3697,2220,2106,11523,1905,3115,1473,-11063,-1523,-3353,-3597,-4122,-3884,-2016,-2000,-1169,2638,781,1058,1639,-2247,-1545,-1968,-2507,-3150,-2257,-68,3550,823,-375,-1288,-2097,-5534,33042,3130,3837,11173,-26145,3052,809,1336,623,2066,1922,2374,2364,-528,1070,1648,2154,3729,1891,1607,-3320,-1814,-729,-170,3578,562,628,-403,1500,862,959,2477,1362,565,-1172,-1676,-301.542136940603
"Totaal_113",NA,NA,NA,NA,1279,1347,1487,1698,1690,1745,1742,1684,1823,2050,1926,1889,2290,2050,2252,2224,1950,2090,1374,1064,1391,1158,857,942,611,449,515,437,-219,25,238,164,524,549,784,729,326,654,830,643,-1349,-1155,-909,-830,535,383,531,801,802,495,-43,-307,-685,-741,-397,-622,-712,-233,128,328,329,589,61,36,-135,-296,-263,-364,-97,75,440,469,201,188,142,290,351,614,746,671,129,807,1081,997,930,1055,869,871,971,1088,1039,1066,881,784,577,573,-1518,-9618,-4181,-6982,-5437,4083,2524,4819,7001,7202,3084,4296,3103,799,360,564,-114.006834350301,NA
"Totaal_124",NA,NA,NA,NA,-497,-467,-295,-146,890,840,862,973,1085,1240,1157,1132,613,586,545,876,819,1169,1035,1025,1469,1579,1206,1445,1114,1743,1439,1476,1093,756,737,1258,-654,-28,-170,183,61,124,693,843,2889,2993,2584,3451,1177,1013,1479,1172,1088,1187,1484,1374,1659,2051,2198,1807,560,574,312,144,-90,67,-257,-449,-380,-674,-574,-377,188,87,4,-250,226,347,396,-20,67,-249,81,-31,470,654,502,700,366,326,491,434,885,820,777,557,1188,1145,1420,1251,635,-166,1224,1214,1441,3911,1740,2362,1085,259,813,911,1285,1567,2297,1959,1675,1777.9648827935
"Totaal_127",NA,NA,NA,NA,2581,2479,2341,2915,3294,3593,3425,3447,3955,4741,5138,5085,5104,4884,4358,4436,4387,3687,3105,3289,2684,3207,2508,3195,2172,2664,2330,1967,1399,861,514,592,-105,462,630,663,-303,752,1989,2035,2776,3296,2381,2829,2382,1911,2852,3424,2303,2489,2001,1079,431,-57,846,445,-449,528,799,1052,626,611,-391,-1369,-787,-1335,-1432,-1993,-1515,-1141,-865,624,-23,729,605,783,1518,1436,1816,1118,1177,1053,1414,2162,1797,2399,2733,1393,3130,2786,2022,2046,1476,1988,2126,2326,-380,-10657,-2845,-4106,-4278,12040,7139,8030,10901,5867,3150,4216,3432,1901,1342,1882,2568,2318.572271955
"Totaal_130",NA,NA,NA,NA,-6,1429,2415,2337,3091,1863,1081,160,2359,569,2005,2084,2349,2635,2494,3582,1060,1832,171,-222,465,618,197,328,-373,-1063,-884,-2843,-1565,-1092,-445,1034,610,39,-145,-275,-77,1254,2008,728,1233,1624,1993,3762,3697,2220,2106,11523,1905,3115,1473,-11063,-1523,-3353,-3597,-4122,-3884,-2016,-2000,-1169,2638,781,1058,1639,-2247,-1545,-1968,-2507,-3150,-2257,-68,3550,823,-375,-1288,-2097,-5534,33042,3130,3837,11173,-26145,3052,809,1336,623,2066,1922,2374,2364,-528,1070,1648,2154,3729,1891,1607,-3320,-1814,-729,-170,3578,562,628,-403,1500,862,959,2477,1362,565,-1172,-1676,-301.542136940603
"Totaal_131",NA,NA,NA,NA,-61,1436,2456,2325,3147,1874,1118,183,2570,707,2083,2156,2430,2564,2449,3515,925,1830,145,-112,790,753,280,487,-329,-1023,-853,-2863,-1681,-925,-368,1261,607,21,-61,-295,-55,1657,2473,904,1301,1367,2029,3736,3735,2293,1784,11653,1971,3140,1587,-11279,-1453,-3369,-3522,-3781,-3963,-1980,-2056,-1409,2637,832,1099,1608,-2286,-1693,-2093,-2644,-3123,-2041,536,4734,903,-303,-1100,-2050,2353,32846,2414,2706,2887,-26293,2945,717,1283,570,2010,1907,2581,2575,592,1256,1761,2167,2912,1930,1597,-3349,-1854,-680,12,3799,693,811,-246,1621,1020,1134,2383,1335,516,-1308,-1805,-326.482469864502
"Totaal_133",NA,NA,NA,NA,-710,750,602,202,526,-454,-299,-245,891,153,305,360,517,676,695,1114,1256,1153,334,437,230,210,220,68,419,-179,-89,-534,-696,-20,-270,-525,-244,-752,-736,-389,-303,515,598,545,488,386,380,420,1097,823,696,703,586,899,329,83,84,-433,-329,-583,-1085,-704,-580,-677,863,339,44,85,-1225,-964,-509,-765,-573,-217,-181,343,48,-444,-477,269,801,874,457,-14,316,468,252,281,34,-23,-107,201,163,889,427,426,1036,596,751,486,713,-160,10,-13,-85,326,-127,251,138,603,226,231,369,357,291,-325,-825,-388.499737697401
"Totaal_138",NA,NA,NA,NA,60,38,55,56,26,26,26,38,78,73,75,69,116,93,87,96,-3,92,50,45,57,72,63,84,21,29,21,17,99,58,66,134,15,17,14,100,38,56,138,127,69,101,85,90,95,128,145,142,80,110,93,59,44,27,21,100,3,45,-34,-52,199,94,134,209,16,44,21,32,12,12,-24,24,23,16,51,-24,131,190,223,368,380,409,518,542,-453,-594,-579,-851,87,29,-10,46,87,39,21,98,56,204,90,-57,93,78,-13,25,134,98,28,-1,-134,-167,-237,-88,-120,22.6320583144
"Totaal_143",NA,NA,NA,NA,348,160,362,349,332,304,214,221,537,502,645,793,306,484,451,422,157,293,118,101,132,306,174,21,-38,-64,-75,-394,-414,-215,-32,457,385,350,459,347,115,561,448,-109,-317,-158,486,1375,631,15,151,10704,-39,814,276,-11124,157,32,30,311,400,179,3,13,84,191,217,284,232,215,170,46,3,721,1388,3885,432,-291,-781,-2937,-34,29821,-100,-152,419,-29034,533,336,292,298,259,249,285,283,368,176,305,283,299,177,516,-251,-76,8,-3,582,356,385,497,401,339,328,489,49,146,75,-30,251.354675681499
"Totaal_148",NA,NA,NA,NA,-6,1429,2415,2337,3091,1863,1081,160,2359,569,2005,2084,2349,2635,2494,3582,1060,1832,171,-222,465,618,197,328,-373,-1063,-884,-2843,-1565,-1092,-445,1034,610,39,-145,-275,-77,1254,2008,728,1233,1624,1993,3762,3697,2220,2106,11523,1905,3115,1473,-11063,-1523,-3353,-3597,-4122,-3884,-2016,-2000,-1169,2638,781,1058,1639,-2247,-1545,-1968,-2507,-3150,-2257,-68,3550,823,-375,-1288,-2097,-5534,33042,3130,3837,11173,-26145,3052,809,1336,623,2066,1922,2374,2364,-528,1070,1648,2154,3729,1891,1607,-3320,-1814,-729,-170,3578,562,628,-403,1500,862,959,2477,1362,565,-1172,-1676,-301.542136940603
"Totaal_149",NA,NA,NA,NA,-61,1436,2456,2325,3147,1874,1118,183,2570,707,2083,2156,2430,2564,2449,3515,925,1830,145,-112,790,753,280,487,-329,-1023,-853,-2863,-1681,-925,-368,1261,607,21,-61,-295,-55,1657,2473,904,1301,1367,2029,3736,3735,2293,1784,11653,1971,3140,1587,-11279,-1453,-3369,-3522,-3781,-3963,-1980,-2056,-1409,2637,832,1099,1608,-2286,-1693,-2093,-2644,-3123,-2041,536,4734,903,-303,-1100,-2050,2353,32846,2414,2706,2887,-26293,2945,717,1283,570,2010,1907,2581,2575,592,1256,1761,2167,2912,1930,1597,-3349,-1854,-680,12,3799,693,811,-246,1621,1020,1134,2383,1335,516,-1308,-1805,-326.482469864502
"Totaal_15",NA,NA,NA,NA,2581,216,2973,3458,3070,6485,6329,6550,4790,4182,3427,4695,5346,5726,5406,8010,9339,8835,9187,9507,4741,2539,869,-3128,-2082,273,1500,2425,2471,742,425,2644,2444,7219,8222,10458,6870,6922,4937,2953,8543,7001,6147,6817,4703,4583,6607,6865,6527,3515,2459,-5167,-13544,-14092,-9635,-2117,7756,10775,10414,11507,10134,7140,5387,878,2405,4595,2640,6006,2636,2329,4182,3148,4050,5566,6695,6800,14681,8104,7834,8625,-1754,5522,2934,2813,9117,7911,9930,10734,6845,7454,7610,4824,786,4055,3437,4479,1233,-19582,-6662,-3363,599,23048,14857,11462,7495,10436,5105,7566,5408,-469,-6769,-9036,-7280,-6183.758783881
"Totaal_155",NA,NA,NA,NA,2581,216,2973,3458,3070,6485,6329,6550,4790,4182,3427,4695,5346,5726,5406,8010,9339,8835,9187,9507,4741,2539,869,-3128,-2082,273,1500,2425,2471,742,425,2644,2444,7219,8222,10458,6870,6922,4937,2953,8543,7001,6147,6817,4703,4583,6607,6865,6527,3515,2459,-5167,-13544,-14092,-9635,-2117,7756,10775,10414,11507,10134,7140,5387,878,2405,4595,2640,6006,2636,2329,4182,3148,4050,5566,6695,6800,14681,8104,7834,8625,-1754,5522,2934,2813,9117,7911,9930,10734,6845,7454,7610,4824,786,4055,3437,4479,1233,-19582,-6662,-3363,599,23048,14857,11462,7495,10436,5105,7566,5408,-469,-6769,-9036,-7280,-6183.758783881
"Totaal_172",NA,NA,NA,NA,1767,-536,1988,2338,1839,4871,4412,4338,3663,3010,2833,3921,3950,4166,3830,5649,8020,7364,7945,8078,3788,1458,32,-3208,-2225,67,1396,2178,2285,683,806,2719,3056,7173,8242,8000,4940,5199,3884,3449,7264,6065,5168,6554,3963,3064,5077,4870,4117,2188,1438,-5556,-12695,-13330,-8397,-1120,7244,10111,8236,9431,8201,5861,3870,-324,2026,2974,1486,4951,1433,2168,2563,952,1945,2587,3371,3893,4969,4680,4982,5572,4296,5475,3981,4570,7386,5031,6964,6860,3729,4335,3614,2751,-302,930,1798,3810,196,-12136,-1054,2734,7069,22093,10899,9163,1645,3025,1572,5575,4776,123,-5385,-8014,-7936,-5404.76488606499
"Totaal_175",NA,NA,NA,NA,837,874,1014,1161,1300,1589,1947,2310,1109,1179,536,669,1391,1555,1583,2393,1211,1369,1125,1284,919,1127,901,218,206,219,77,195,165,50,-394,-128,-620,-1,-31,2434,1892,1697,1041,-528,1230,890,960,190,705,1525,1515,2001,2437,1344,1041,497,-645,-531,-1151,-1030,541,732,2170,2077,1909,1273,1509,1205,362,1649,1181,1021,1254,126,1668,2323,2179,3070,3422,2980,9900,3456,2876,3082,-6050,47,-1047,-1757,1746,2854,2952,3832,3101,3116,3991,2062,1084,3120,1636,675,1015,-7393,-5515,-5914,-5905,1339,3942,2335,5819,7407,3528,1992,570,-651,-1336,-902,696,-140.793210087701
"Totaal_179",NA,NA,NA,NA,2595,1200,3175,3222,3803,6664,6244,5515,5943,3825,4468,4516,4041,5719,6111,7976,7906,8487,6595,7175,5258,2541,1972,-2373,-2289,156,621,2358,1783,905,395,3135,1032,4673,5953,8203,5141,5790,4640,2489,7537,6262,5457,7538,4691,4021,6334,14396,5294,3250,2110,-13482,-8766,-11357,-8512,-2906,4620,10879,8165,8091,8707,3096,3761,61,1195,3582,1168,3227,-162,908,3304,5547,4341,3070,4212,2695,6405,38445,9489,11553,6149,-23053,4292,2358,7193,5816,9102,9352,8461,7495,5731,3802,2415,4671,5994,5200,662,-17171,-7278,-3927,-890,16504,11593,6992,7076,7627,2411,5554,5256,1525,-5853,-5899,-5475,-1852.488920665
"Totaal_18",NA,NA,NA,NA,2159,3767,3855,3482,4081,4759,4834,5484,6456,5319,4388,4606,4701,4932,5518,7206,6283,5790,5701,3930,3896,3876,2631,1695,-482,448,1232,-141,1346,-657,-694,661,1882,2568,3198,3257,1430,3366,3098,3284,4752,4751,4238,4679,4650,4726,6019,6512,5489,5338,3907,-24,-5420,-6487,-5209,-2872,59,3132,2575,3066,4428,3515,2582,571,-1376,-551,-1700,-1181,-1930,20,882,2636,2121,2064,1671,2801,2302,2733,3323,2046,2760,3391,2906,3151,4854,4765,4461,4473,3875,4521,3483,3234,3354,3237,3507,3359,-604,-15478,-6306,-5154,-1664,19152,12280,13182,11400,10109,5890,5892,3159,-359,-1348,-401,-1298,-793.978923618997
"Totaal_19",NA,NA,NA,NA,-161,676,715,561,5,360,464,553,1598,618,234,610,656,853,1316,1971,1663,1250,916,528,534,752,562,265,-459,-116,553,-354,87,-753,-825,-73,805,1026,1089,963,-11,1352,645,505,1453,557,151,371,547,874,1752,2583,1606,1698,932,-1262,-2820,-3454,-2620,-1498,-800,1134,675,634,1455,401,679,-577,-1081,-580,-1006,-557,-1164,66,388,791,136,-140,-303,549,392,757,332,-873,584,882,750,941,1527,1382,1316,1778,996,1231,804,576,708,234,426,273,334,-2494,-953,335,1034,4218,2275,2262,1423,1230,715,426,-324,-1083,-1238,-850,-2596,-1724.1818215401
"Totaal_196",NA,NA,NA,NA,1793,414,2602,2354,2557,4531,4202,3275,4193,2351,2931,3447,2635,3455,4167,5406,6445,6798,5380,5448,3513,1045,976,-2301,-2453,-121,-24,1608,1930,1087,554,3010,2136,4740,6296,6035,3398,4013,3338,3366,6680,6146,5216,6040,3921,3246,5237,2636,3657,1442,1081,-2041,-8946,-10988,-8640,-3376,3805,10347,6193,7177,6803,2301,2461,-764,1442,2695,636,2589,-438,862,1805,1857,2611,1511,3045,3412,4456,5948,6371,8176,4102,6721,4682,3645,5523,3865,6340,5502,5431,3972,3112,3067,3539,4548,6108,7042,68,-9887,-1511,660,4900,17455,9621,7677,2474,2209,-67,3853,4249,1337,-5489,-5616,-5754,-4258.533275133
"Totaal_199",NA,NA,NA,NA,832,868,470,834,1306,2059,2066,2392,1793,1490,1571,983,1471,2269,1948,2593,1336,1447,1091,1640,1815,1588,1067,70,298,306,705,753,-204,-220,-175,54,-1152,-144,-373,2143,1744,1694,1289,-919,777,-25,198,1457,727,698,1050,12100,1656,1822,1049,-11734,459,39,343,558,817,465,1967,942,1883,757,1308,856,-306,837,553,612,320,7,1569,3953,1801,1604,1161,-849,1973,33731,3141,3386,2047,-29774,-390,-1287,1678,1934,2752,3790,3017,3502,2598,741,-1095,134,-82,-1783,572,-7170,-5586,-4403,-5187,-392,2086,-413,4525,5357,2431,1699,1000,169,-225,-191,207,1237.0577841666
"Totaal_202",NA,NA,NA,NA,764,821,468,808,320,436,300,702,744,532,766,1097,1292,1415,1215,1539,1068,1024,-1002,570,98,475,619,566,730,20,-476,-84,-541,174,373,89,69,518,70,323,-140,101,894,692,930,867,756,737,813,549,515,586,280,213,-102,-720,-980,-1543,-1182,-1234,-351,102,185,46,237,98,-349,-849,-587,-464,-323,-1188,-972,-937,-387,-378,-7,391,247,357,913,912,847,609,836,690,763,272,669,705,480,327,762,538,506,384,-58,439,300,401,182,-1452,378,131,-299,1879,253,598,410,194,-47,-18,409,105,-160,-263,-65,-181.923650360801
"Totaal_21",NA,NA,NA,NA,775,676,699,541,-794,376,286,459,987,778,618,459,263,424,538,1075,1220,1060,758,536,762,905,457,195,-587,-16,490,161,434,-748,-383,-11,623,1212,1121,734,85,819,249,186,1147,490,-130,175,-288,229,1389,2228,1066,1276,504,-1461,-2789,-3119,-2396,-863,670,2166,1425,1281,940,481,864,-487,-295,34,-616,103,-408,638,680,638,-354,-275,-360,-113,-111,-11,-290,-1074,-150,267,71,426,1006,711,912,1181,727,658,648,334,-5,-251,-227,84,-102,-2082,-711,400,1134,3582,1988,1878,1175,1027,641,283,-817,-1258,-1196,-633,-1987,-1092.6471820542
"Totaal_23",NA,NA,NA,NA,-208,339,395,400,46,495,367,480,1113,824,496,190,115,436,638,1315,1129,962,679,603,663,719,283,-33,-304,-71,155,-143,29,-442,-149,-86,769,713,448,566,309,712,547,620,344,450,170,721,1566,853,744,806,318,384,-90,-1100,-2887,-2263,-1662,-708,156,923,991,857,1340,853,778,192,-38,-168,-475,-11,-766,-348,-41,499,759,533,331,87,-7,101,-137,580,397,480,342,385,1116,1083,1102,1332,961,873,812,560,54,-113,32,367,100,-1878,-482,369,1219,3390,1954,1948,1333,1179,692,243,78,-420,-354,165,-1392,-807.548578843602
"Totaal_3",NA,NA,NA,NA,2595,1200,3175,3222,3803,6664,6244,5515,5943,3825,4468,4516,4041,5719,6111,7976,7906,8487,6595,7175,5258,2541,1972,-2373,-2289,156,621,2358,1783,905,395,3135,1032,4673,5953,8203,5141,5790,4640,2489,7537,6262,5457,7538,4691,4021,6334,14396,5294,3250,2110,-13482,-8766,-11357,-8512,-2906,4620,10879,8165,8091,8707,3096,3761,61,1195,3582,1168,3227,-162,908,3304,5547,4341,3070,4212,2695,6405,38445,9489,11553,6149,-23053,4292,2358,7193,5816,9102,9352,8461,7495,5731,3802,2415,4671,5994,5200,662,-17171,-7278,-3927,-890,16504,11593,6992,7076,7627,2411,5554,5256,1525,-5853,-5899,-5475,-1852.488920665
"Totaal_38",NA,NA,NA,NA,2266,2876,2867,2619,3469,3714,3647,4121,4096,4020,3631,3436,3464,3476,3456,4470,3992,3986,4116,2841,2416,2166,1231,698,-748,-513,-280,-743,706,-277,-336,-28,864,1037,1812,1959,1578,1564,1939,2051,2727,3768,3653,3580,3747,3648,3595,3008,3112,2735,1930,476,-3313,-3764,-3271,-2192,252,1098,1185,1632,2284,2548,1434,487,-183,253,-411,-308,-879,-180,577,1785,1769,2003,1772,2225,1711,1978,2823,2914,2099,2358,1784,1907,2908,2943,2647,2218,2533,2896,2239,2205,1953,2181,2272,2203,-541,-9786,-4579,-4374,-1920,10603,8184,8991,7474,7293,4013,3691,2222,-262,-1009,-771,556,480.507409799
"Totaal_39",NA,NA,NA,NA,558,895,751,669,1430,1454,1169,1428,1662,1619,1356,1139,1020,851,953,1477,1752,1912,1850,1299,806,468,-43,-298,-859,-487,-175,-360,690,167,67,112,440,1165,992,1120,530,312,952,969,872,1251,1190,1503,1454,1348,1255,747,497,83,274,-639,-2743,-2619,-1641,-888,369,1173,1116,1338,2004,1621,921,250,-371,30,-214,333,-599,-113,676,1101,748,1070,851,893,745,680,718,973,680,607,752,769,1109,1155,1132,856,946,1291,690,920,1206,1272,1210,1214,-1316,-6374,-1971,-2858,-982,6306,3893,4523,3579,3399,1009,1645,625,-1138,-1199,-1026,-57,305.6752325052
"Totaal_46",NA,NA,NA,NA,1090,1345,1362,1214,867,904,1034,1109,1149,946,733,607,1241,1100,1135,1476,921,757,1025,589,1008,1119,707,517,-588,-659,-631,-859,-149,-489,-805,-689,-154,-157,-31,68,449,568,667,712,897,1024,1300,1183,1272,1110,957,876,1287,1342,1002,942,-254,-1108,-1236,-1327,-923,-621,-106,-163,140,743,430,431,-350,99,4,149,-445,-283,-306,39,442,691,746,912,603,658,1291,1206,992,1211,398,450,939,981,1011,890,1149,1006,853,886,391,327,334,105,-365,-3559,-2601,-1688,-796,3183,3050,3104,2514,2786,2150,1570,1315,941,298,158,316,-127.8702865003
"Totaal_48",NA,NA,NA,NA,NA,NA,NA,NA,NA,NA,NA,NA,NA,NA,NA,NA,NA,NA,NA,NA,NA,NA,NA,NA,NA,NA,NA,NA,NA,NA,NA,NA,NA,NA,NA,NA,NA,NA,NA,NA,353,386,441,424,603,646,563,583,714,724,798,653,829,932,568,440,-262,-694,-843,-863,-726,-434,-166,-64,360,260,160,49,4,142,92,-23,-31,-56,-74,109,82,196,456,440,147,302,890,715,789,830,305,200,699,892,773,682,798,595,610,521,149,145,-21,-44,-1105,-3346,-2722,-2272,-988,1746,1945,1697,1514,1354,966,574,104,177,-387,-273,58.3490714106993,NA
"Totaal_53",NA,NA,NA,NA,-9,87,157,192,581,661,720,749,603,617,515,472,493,509,629,538,470,411,575,489,960,965,876,797,851,1206,1010,1119,581,453,571,843,184,471,237,283,-177,409,496,718,519,404,422,712,360,173,594,788,714,849,1048,883,947,962,868,950,667,869,710,805,668,586,463,686,-67,-196,-252,-303,160,126,-93,46,230,236,237,32,197,5,180,-3,77,151,372,303,441,460,517,507,359,415,447,455,692,799,799,862,-372,-3175,-781,-1067,-687,4334,1845,1964,2475,1602,1161,1722,1339,1029,929,1186,946,775.573920729497
"Totaal_54",NA,NA,NA,NA,41,101,147,162,441,505,554,587,469,506,419,406,359,376,468,376,329,293,461,402,860,909,821,741,805,1188,972,1081,660,558,654,813,128,360,317,366,-225,320,350,749,749,-134,472,469,106,138,469,630,630,837,960,931,1063,1088,940,977,700,884,702,783,676,568,490,681,49,-103,-187,-191,280,258,33,167,263,289,283,93,140,-3,151,-57,82,102,308,237,371,389,454,429,253,320,357,354,590,643,681,750,-70,-1809,95,-88,419,3719,1297,1526,1664,578,660,873,660,908,853,1102,828,674.033329127997
"Totaal_55",NA,NA,NA,NA,-20,-24,-5,-30,252,281,366,364,275,309,263,299,359,414,467,407,302,291,356,334,511,557,541,511,360,499,430,447,354,177,261,407,-108,-32,-178,-106,-281,114,15,242,72,56,105,87,138,175,362,260,145,223,315,347,305,272,170,224,247,439,291,352,197,45,-36,18,44,16,-39,-137,23,120,109,314,21,-47,17,-158,36,-31,67,-132,-45,-106,38,-38,200,250,280,250,5,42,57,75,153,195,244,337,430,123,391,317,-106,611,246,349,649,259,306,606,189,412,195,466,287.738359787199,NA
"Totaal_6",NA,NA,NA,NA,5607,5666,7775,7843,8613,12330,11865,11999,13492,9728,9790,10298,9875,12062,12765,16757,15544,15577,11828,12052,9611,6830,5105,-606,-2339,630,1516,2323,2796,450,83,3962,3010,7659,9239,11765,6495,9185,8504,6316,13226,11872,10383,12861,10130,9239,12903,21444,10927,8793,6004,-14152,-15324,-19444,-14972,-7035,4304,13775,10699,11042,13265,6571,6021,122,-590,2796,-726,1345,-2942,59,3939,8199,6531,5543,6187,5813,9616,42590,13716,14292,9731,-18984,7899,6223,12582,11193,13894,13944,13001,12470,9625,7338,5737,8313,9732,8906,48,-34125,-13243,-9628,-2925,37260,23811,21106,18782,17786,8229,11360,8917,1313,-7659,-6965,-6863,-4330.19170269201
"Totaal_7",NA,NA,NA,NA,2950,5832,4802,4294,5578,5475,5174,5036,8762,5432,6430,5443,4317,6134,7281,8490,5882,6378,2021,1839,4742,4300,4422,3020,-140,354,-101,-309,273,-328,-371,1239,565,322,863,1066,-371,2196,3536,3361,4652,4804,4165,5989,5428,4627,6262,14729,4374,5284,3553,-9038,-1462,-5014,-5179,-4976,-3324,3052,336,-411,3097,-663,595,-768,-3148,-2005,-3520,-4944,-5867,-2433,-384,5099,2437,-171,-654,-1171,-5271,34707,5862,5633,11485,-24506,4965,3410,3579,3354,4059,3350,6172,5040,2056,2548,4898,4261,6270,4433,-1122,-14685,-6592,-6190,-3325,14693,9234,9745,11234,7446,3174,3895,3460,1829,-764,2459,353,1479.03313247801
"Totaal_8",NA,NA,NA,NA,2581,2479,2341,2915,3294,3593,3425,3447,3955,4741,5138,5085,5104,4884,4358,4436,4387,3687,3105,3289,2684,3207,2508,3195,2172,2664,2330,1967,1399,861,514,592,-105,462,630,663,-303,752,1989,2035,2776,3296,2381,2829,2382,1911,2852,3424,2303,2489,2001,1079,431,-57,846,445,-449,528,799,1052,626,611,-391,-1369,-787,-1335,-1432,-1993,-1515,-1141,-865,624,-23,729,605,783,1518,1436,1816,1118,1177,1053,1414,2162,1797,2399,2733,1393,3130,2786,2022,2046,1476,1988,2126,2326,-380,-10657,-2845,-4106,-4278,12040,7139,8030,10901,5867,3150,4216,3432,1901,1342,1882,2568,2318.572271955
"Totaal_97",NA,NA,NA,NA,2581,2479,2341,2915,3294,3593,3425,3447,3955,4741,5138,5085,5104,4884,4358,4436,4387,3687,3105,3289,2684,3207,2508,3195,2172,2664,2330,1967,1399,861,514,592,-105,462,630,663,-303,752,1989,2035,2776,3296,2381,2829,2382,1911,2852,3424,2303,2489,2001,1079,431,-57,846,445,-449,528,799,1052,626,611,-391,-1369,-787,-1335,-1432,-1993,-1515,-1141,-865,624,-23,729,605,783,1518,1436,1816,1118,1177,1053,1414,2162,1797,2399,2733,1393,3130,2786,2022,2046,1476,1988,2126,2326,-380,-10657,-2845,-4106,-4278,12040,7139,8030,10901,5867,3150,4216,3432,1901,1342,1882,2568,2318.572271955
"Totaal_98",NA,NA,NA,NA,3012,2863,2561,2963,2398,2732,2548,2456,2861,3479,3947,3899,4437,4231,3751,3502,3542,2516,2074,2255,1238,1653,1327,1776,1073,952,924,540,317,117,-204,-616,542,486,791,479,-363,628,1295,1195,-95,323,-171,-535,1212,903,1386,2249,1217,1306,533,-262,-1201,-2090,-1330,-1326,-1021,-56,486,911,723,549,-130,-921,-406,-658,-857,-1616,-1724,-1243,-876,878,-251,382,206,799,1453,1690,1739,1144,707,399,912,1462,1429,2070,2241,958,2245,1967,1246,1489,284,838,700,1070,-1025,-10555,-4102,-5371,-5780,8140,5417,5684,9857,5644,2345,3321,2146,323,-978,-95,924,1123.6971338585
"Totaal_99",NA,NA,NA,NA,1556,1391,1400,1365,754,1063,905,985,1109,1608,1573,1824,2092,1838,1426,1431,1520,513,785,962,-184,322,509,755,426,460,180,162,607,-2,-450,-661,50,193,313,39,-508,-116,504,571,1257,1531,853,160,751,541,868,1524,346,495,229,-193,-984,-1561,-1152,-559,-161,525,600,764,485,211,-167,-778,-99,-389,-763,-1102,-1403,-1334,-873,453,-503,338,223,580,1206,1095,1070,678,755,-108,31,562,535,1279,1268,176,1477,919,623,645,-549,376,204,893,535,-455,2174,749,-896,3816,911,1562,2594,-1266,-987,-840,-536,-670,-1088,-487,205.8472377613,NA
"TotaalOverigeGoederen_110",NA,NA,NA,NA,1134,598,492,560,-260,237,-66,-84,-152,30,187,411,261,167,235,115,213,66,47,51,8,123,180,302,121,123,-8,-61,257,-37,-77,-42,-79,31,156,44,-112,77,-150,-111,-31,-121,-135,-576,-532,-408,-3,393,-88,-17,-242,-136,298,-335,-37,-144,-137,177,-22,431,-239,-267,0,-510,46,102,-119,-92,147,-60,-188,-252,-812,-297,-126,-132,450,270,14,-51,188,57,14,277,-17,143,198,-81,377,-130,-55,28,-518,127,19,21,-260,-580,81,-310,117,824,-40,156,-202,-275,-33,-216,-102,30,-314,-144,172.14225059771,NA
"TotaalSubsidies_205",NA,NA,NA,NA,96,-5,135,109,298,177,194,97,279,222,186,185,58,184,149,139,135,-20,80,94,154,120,127,29,-69,-65,-131,-26,-65,-20,-25,-24,82,112,130,178,-231,-148,-89,-84,73,34,29,176,-241,-102,-10,92,157,91,38,205,40,38,162,102,67,276,111,-118,-274,89,-24,-60,-134,-154,-144,-97,-29,39,36,86,45,-197,-180,-55,105,90,99,115,-7,-4,-26,-1,50,1,40,65,16,10,60,40,200,178,136,96,288,41,64,1965,117,33,77,-19,-37,66,37,183,83,94,58,-43,107,94.0652178770702
"UitvoerGoederenUitProductie_173",NA,NA,NA,NA,678,-414,1232,1886,602,2229,1591,1505,1012,1709,1387,1546,1289,1632,1013,2986,3080,1408,2534,2876,3,419,-658,-1228,380,791,1402,402,-8,-774,-529,-538,581,2210,2882,1805,1180,1866,713,673,1927,1211,1305,1918,1447,401,1669,2357,1030,276,-793,-5496,-6097,-6191,-2724,423,3319,3671,2860,3613,4455,3890,2744,-614,354,1765,75,1827,441,141,2003,2360,1728,1850,1774,2520,1023,869,1111,2284,2104,2281,966,807,2649,1801,2739,2495,1146,1842,1716,521,-2698,-1674,-2185,-67,129,-6172,-690,1004,612,7313,1541,1150,426,876,-1163,-654,379,-2071,-2005,-3710,-4839,-3143.6308354718
"VeranderingInVoorraden_14",NA,NA,NA,NA,402,1730,-79,-985,-945,-37,607,1365,2180,155,-700,-1619,-3058,-1376,330,307,360,776,-1151,-1097,1506,457,1634,-441,-1777,-1109,-1398,694,555,-38,-403,-412,7,-171,386,677,-18,149,-507,578,582,-146,-248,-684,-834,430,1236,-516,74,-392,49,1268,-237,-1474,-2242,-1108,1245,4632,1651,-224,-325,-2059,-133,-1129,-22,874,-83,-370,-1082,950,526,848,1584,-520,28,162,-1179,382,907,664,-865,586,499,439,443,344,-741,26,682,-94,567,-572,1805,132,438,227,-2401,-724,-1978,-1390,1165,-967,1605,1138,800,81,-857,-1307,-2390,-1385,-2559,1628,-605,336.472775055301
"VerbruikVanVasteActiva_70",NA,NA,NA,NA,442,446,447,447,530,531,529,530,729,730,733,734,937,941,943,941,1017,1024,1024,1027,954,957,962,956,741,739,747,754,548,552,566,572,475,483,491,498,475,474,477,482,544,545,518,519,730,719,759,781,797,831,855,857,604,595,595,601,433,428,427,426,345,346,357,367,375,380,393,408,362,379,381,375,339,310,298,312,-67,191,353,798,820,626,512,322,657,660,665,671,704,730,749,764,567,554,542,562,622,659,684,702,494,571,625,656,596,595,596,603,592,596,602,609,377,503.701793108303
"VerkoopVanGebruikteVasteActiva_147",NA,NA,NA,NA,-52,7,39,-10,33,12,35,23,189,135,74,68,63,-67,-42,-63,-136,-3,-24,104,315,132,80,151,46,38,30,-20,-105,168,77,225,-8,-19,84,-20,23,407,464,177,59,-257,35,-26,10,73,-324,127,51,24,115,-212,86,-14,80,359,-49,42,-56,-260,-24,52,42,-38,-21,-152,-127,-140,57,222,621,1228,77,75,194,49,8090,-206,-733,-1154,-8286,-148,-107,-92,-52,-52,-56,-15,204,208,1106,185,114,13,-817,38,-13,-28,-38,51,192,226,135,189,168,126,164,181,-111,-32,-55,-145,-135,-98.19651596785
"VerkoopVanGebruikteVasteActiva_154",NA,NA,NA,NA,-52,7,39,-10,33,12,35,23,189,135,74,68,63,-67,-42,-63,-136,-3,-24,104,315,132,80,151,46,38,30,-20,-105,168,77,225,-8,-19,84,-20,23,407,464,177,59,-257,35,-26,10,73,-324,127,51,24,115,-212,86,-14,80,359,-49,42,-56,-260,-24,52,42,-38,-21,-152,-127,-140,57,222,621,1228,77,75,194,49,8090,-206,-733,-1154,-8286,-148,-107,-92,-52,-52,-56,-15,204,208,1106,185,114,13,-817,38,-13,-28,-38,51,192,226,135,189,168,126,164,181,-111,-32,-55,-145,-135,-98.19651596785
"VervoerEnCommunicatieDiensten_117",NA,NA,NA,NA,56,82,96,82,180,179,213,233,303,358,401,472,546,523,529,479,457,524,446,319,474,516,534,322,255,195,214,274,64,32,37,64,55,76,80,66,87,152,140,132,110,84,155,153,47,117,23,67,34,-50,-185,-119,-318,-315,-286,-225,-197,-160,-164,-51,-43,-48,-86,-112,-79,-151,-135,-95,-6,-39,-29,40,-36,-10,18,95,50,44,97,60,62,33,13,41,56,127,160,101,15,27,1,25,36,80,116,121,-232,-1530,-1264,-1098,-938,380,380,800,1145,1014,703,738,268,12,94,146,115.31385864224,NA
"Vervoermiddelen_137",NA,NA,NA,NA,209,-286,-49,207,-52,19,254,-280,180,286,348,544,377,409,79,-200,-199,17,-1,306,170,-50,-58,-42,-211,4,-222,-470,346,270,197,681,39,-337,91,-143,125,-77,211,-315,154,417,62,572,55,38,236,85,692,107,123,-84,-628,-445,-613,-1193,-254,466,-13,395,638,92,385,657,-176,374,-368,-109,-633,-1073,-182,777,-56,-25,129,-669,594,717,573,1959,692,1016,324,-1598,236,-353,1640,458,745,-101,-1270,-398,-142,666,1278,1320,-381,-2308,-1838,-1125,-329,1111,-239,-461,-649,53,268,208,1085,1174,741,-160,3,-533.71296832508
"VervoermiddelenEnOnderdelen_108",NA,NA,NA,NA,35,155,254,83,202,4,212,100,386,423,406,340,823,571,434,140,192,-263,-300,181,-871,-176,201,71,260,199,113,253,-214,49,-26,-333,82,-224,-215,-37,-250,-27,26,-52,186,-13,-47,-9,-50,-51,-10,150,-39,167,201,-232,-704,-426,-216,9,156,186,104,143,284,78,-264,-164,-556,-295,-514,-683,-717,-704,-233,564,121,184,39,-70,75,76,246,64,-209,-13,-164,92,34,52,-59,-128,450,413,396,93,-234,-178,-55,438,50,-361,269,111,-240,587,-229,-113,298,-357,-136,48,134,287,181,2,-57.1650980757199,NA
"Voedingsmiddelen_101",NA,NA,NA,NA,296,224,135,289,99,249,192,108,275,185,22,183,-3,151,238,220,304,154,190,92,279,-76,-131,84,81,64,118,-62,144,9,-39,27,113,147,187,218,23,-49,127,11,173,376,161,56,194,150,17,320,153,-76,-29,-39,-271,-32,-68,62,67,139,73,106,44,191,350,-33,256,111,33,-25,-153,-61,51,251,-71,208,211,298,186,270,341,331,383,135,39,12,64,378,210,153,186,128,116,157,-7,-20,101,196,748,715,763,941,355,213,28,10,-270,-531,-408,-703,-634,-469,-306,-155,-17.5136643122496,NA
"Wederuitvoer_174",NA,NA,NA,NA,945,-148,762,599,1059,2380,2474,2439,2252,1251,1349,2097,2323,2266,2452,2524,4456,5146,4849,4654,3307,949,557,-1842,-2303,-598,94,1621,2094,1297,1201,2942,2336,4758,5182,5879,3599,3239,3047,2655,5231,4752,3800,4566,2510,2646,3407,2516,3092,1912,2250,-17,-6620,-7168,-5740,-1605,3917,6427,5369,5836,3745,1976,1122,297,1685,1207,1427,3150,999,2036,543,-1484,203,733,1597,1355,3954,3806,3883,3293,2192,3194,3015,3763,4718,3229,4224,4356,2580,2497,1899,2233,2431,2653,4052,3918,67,-5961,-360,1737,6455,14861,9454,8078,1233,2179,2843,6401,4611,2397,-3409,-4301,-2900,-1905.9725499113
"WerkelijkeCollectieveConsumptie_129",NA,NA,NA,NA,-208,-173,-162,-112,280,252,324,378,471,369,331,307,206,163,235,440,210,309,245,231,620,445,522,693,322,420,491,476,270,766,120,152,-314,-661,-242,-305,-138,34,-246,397,283,231,-63,154,563,557,1091,80,410,304,400,355,303,507,549,650,24,-13,-264,-457,-243,-387,-784,-553,-176,-262,-218,0,229,291,362,98,273,133,140,-28,-109,-276,-167,-84,264,340,182,362,100,31,105,-72,234,245,191,49,215,169,356,264,581,703,697,765,658,278,375,685,-203,386,506,583,309,557,1160,811,741,645.312007603501
"WerkelijkeIndividueleConsumptie_128",NA,NA,NA,NA,2809,2659,2512,3021,3019,3344,3102,3068,3483,4373,4808,4770,4903,4719,4123,3992,4180,3377,2858,3051,2057,2761,1984,2512,1850,2244,1838,1497,1129,95,393,444,209,1123,874,954,-165,719,2238,1642,2493,3065,2448,2668,1824,1358,1766,3330,1896,2186,1603,737,130,-561,292,-183,-474,542,1072,1497,873,999,407,-829,-610,-1072,-1213,-1986,-1755,-1436,-1237,528,-298,597,464,806,1630,1708,1985,1192,913,713,1232,1800,1697,2371,2630,1466,2897,2542,1831,2000,1260,1820,1768,2064,-961,-11365,-3553,-4896,-4934,11764,6766,7351,11098,5482,2644,3631,3122,1347,188,1071,1846,1505.95193348
"Woningen_132",NA,NA,NA,NA,-728,683,634,543,1268,408,-38,-23,813,-281,-127,-42,16,343,44,413,371,88,69,-114,147,395,62,319,-338,-537,-264,-667,-247,-274,-283,-385,526,204,138,460,-183,847,678,404,652,322,418,476,808,745,79,95,294,374,143,-505,-770,-1413,-1563,-1537,-1908,-1297,-943,-733,58,-389,-290,-301,-745,-724,-779,-941,-1003,-908,-609,-116,211,127,10,804,764,1395,1189,681,1303,957,1478,1507,1185,1107,398,940,697,841,700,846,370,466,500,-118,332,-532,-268,220,181,984,473,475,-302,323,129,291,381,-268,-363,-335,-656,-338.810162687099
"WoninginrichtingEnWoningdecoratie_106",NA,NA,NA,NA,13,128,167,164,153,159,155,214,197,213,286,312,260,218,130,230,193,86,139,87,14,82,-10,156,35,-30,5,-217,59,-107,-114,-221,-53,-6,8,-51,-95,-74,47,78,214,250,131,39,180,86,90,81,45,70,69,-25,-261,-266,-253,-229,-138,-33,40,-16,128,4,-83,3,-27,-165,-110,-204,-244,-112,-114,8,67,5,66,129,154,165,119,177,162,98,81,168,194,165,337,178,251,198,66,160,56,100,89,143,281,451,683,507,-388,401,213,242,706,-452,-461,-325,-236,-317,-254,-194,-309.67505879418,NA
